length,width,depth,ratio,circularity,volume,crease_depth,surface_area,crease_volume,x,y,z
3.44,1.17063770796751,0.936642687550016,2.93856927432536,0.97352182600121,2.607565000704,0.0981353203663661,16.0053384533333,0,135.009117022605,301.356313225927,1325.008492569
4.7472,1.37528958509015,0.812736402615244,3.45178212026439,0.867783902673996,3.182356086784,0.176936313593776,15.7655108266667,0,358.655648792468,177.571326238232,1359.93348342202
