length,width,depth,ratio,circularity,volume,crease_depth,surface_area,crease_volume,x,y,z
4.6768,1.4029907688168,0.785482457470082,3.33345030056338,0.576339791132194,2.43043629824,0.307064812824506,14.9215889066667,1.30056234211151e-05,287.985146296178,251.939720852807,139.010297287492
4.5584,1.36298667648633,0.802175606094898,3.34442007294686,0.542893166078566,2.303928607232,0.343081096296835,14.9601399466667,2.5934336e-05,320.740209597352,295.850827920799,197.770940036246
4.7064,1.37058629326159,0.822011764474112,3.43385894280335,0.510764715555762,2.314406078976,0.348203032868009,15.72882432,1.2969701639703e-05,285.714335339138,246.204423975527,252.01651707175
4.7064,1.47921966924083,0.801187222634627,3.1816775411156,0.584962985687602,2.550875354624,0.32518917476032,16.2241467733333,1.29700859045905e-05,314.859941642351,305.565682855661,299.544922172857
4.6472,1.38830809289008,0.778610228529442,3.34738378591872,0.554221265901555,2.35328164864,0.327613073498459,16.0173730133333,2.5934336e-05,311.747795900375,311.369561384175,403.068900154287
4.4696,1.39678189542439,0.782980699974749,3.19992692820663,0.490211374413404,2.135588832256,0.361015646523774,14.8199543466667,6.48965761498829e-06,286.557902023171,254.782138780269,456.128858718092
3.7888,1.68093170068849,0.705051448631477,2.25398807009716,0.439679301713661,1.756195430912,0.367793113203551,14.02907392,1.29713577150242e-05,298.132640252817,377.625263966212,709.290532657974
2.3976,2.69163117378289,0.734933310555172,0.890760971768042,0.384558191333285,1.716827108864,0.416414424584057,14.0793070933333,2.5934336e-05,284.963972265442,189.795389658454,941.776552515899
