length,width,depth,ratio,circularity,volume,crease_depth,surface_area,crease_volume,x,y,z
3.3712,1.33719446257888,1.0561179679579,2.52109928237243,0.850915904840482,2.592584609792,0.250318193890108,16.39663616,0,120.73018465017,343.323200602939,485.206381107901
4.816,2.01945499717236,0.953542478155819,2.38480184343962,0.515193812491074,4.286671425536,0.462386813852302,25.2134570666667,0,214.141153232546,103.911342399149,523.619083795487
3.3712,1.34881302228668,1.13536436261126,2.49938274934855,0.846241829540977,2.867116556288,0.27728680690022,16.9962052266667,0,93.6763970922308,332.883575647433,523.014198091777
3.5088,1.36095608814974,0.956832818176207,2.57818751872466,0.850628445776834,3.01398951936,0.218306914494807,16.7879338666667,0,199.186925985954,96.0508914100486,560.235008103728
