length,width,depth,ratio,circularity,volume,crease_depth,surface_area,crease_volume,x,y,z
4.4696,1.20977304250882,0.856195089288409,3.69457728263723,0.524153819164753,2.044092494848,0.453476844615979,14.9496260266667,1.30715015356322e-05,295.146862906807,345.240728287762,175.103089513418
4.5288,1.31237926237268,0.88218920446908,3.4508317297031,0.494860515640734,2.200424672256,0.457073902677041,15.8035899733333,2.5934336e-05,313.785623364684,337.591813403107,289.736345850128
4.8248,1.34543702025167,0.81244142268562,3.58604671001062,0.479730270913898,2.241686200832,0.43367307439649,15.6470493866667,1.3006186559679e-05,276.511447643949,282.00748522045,342.472505987019
4.5584,1.35446024772654,0.796319137771925,3.36547344792973,0.489830642819563,2.01457922048,0.430827065660205,14.90172928,1.34060111837784e-05,279.808740988671,263.621408341916,455.806256436663
4.0256,1.21841799284737,0.911930420813971,3.30395646127355,0.469605840279043,1.895307209216,0.474675369194951,14.8783650133333,1.30566758853097e-05,313.561337730401,317.030008620808,521.367725338333
4.1144,1.2191536763255,0.852985014180493,3.37480014201386,0.419049334477596,1.562336269312,0.513375278665826,13.4204347733333,5.53945296824217e-06,275.839165366356,250.729325055609,570.958334716643
3.3744,1.0983240680248,0.932271140563791,3.0723172679521,0.413377985095091,1.432379311616,0.489856764153943,13.0384290133333,4.99272454600183e-06,308.140011949811,297.348662888595,624.493309916532
3.0488,1.47531325226839,0.685895289799131,2.06654416972956,0.459816900805794,1.036050788864,0.379819167964256,10.2277077333333,8.66829121063766e-06,267.851836091016,365.423089439035,1091.6106285514
