length,width,depth,ratio,circularity,volume,crease_depth,surface_area,crease_volume,x,y,z
3.5088,1.45564672274264,0.967575897318662,2.41047497664058,0.870343208603964,2.95211399168,0.155118191497108,14.8503790933333,0,194.879977937121,394.717043574186,374.266188637617
3.44,1.48561524562004,0.983737780413712,2.31553897292181,0.928762572284432,3.039716712448,0.119920046281333,15.2101205333333,0,190.612706235269,410.573709020784,415.815084636812
5.2976,1.27549381841361,0.850992810172653,4.15337175572429,0.930005485642459,3.682570878976,0.125546280362563,18.3657472,0,164.065794128051,176.501149628582,410.484347364698
4.9536,1.23412590963258,0.837666267718201,4.0138530123517,0.965258467003566,3.350722654208,0.123767536219968,16.3082786133333,0,398.896782972106,219.369132082807,454.935367868598
4.3344,1.45210283293734,1.0457979453407,2.9849125707112,0.951937884410585,3.847355179008,0.140873350118811,18.49828352,0,185.297613001524,430.93499238192,461.303538175047
0.2752,1.36442505328952,1.25552011213378,0.201696677539389,1.00602135761596,6.079107764224,0.0794433970404925,108.75551744,0.00010706094592,244.905340976054,242.916805057053,1450.87137729683
