length,width,depth,volume,crease_depth,surface_area,crease_volume
70,24.2263555111881,12.3599406231871,11077,3.83661413219911,4214.66666666667,0
