length,width,depth,ratio,circularity,volume,crease_depth,surface_area,crease_volume,x,y,z
3.9904,1.4959534785862,0.985497162420493,2.66746262976791,0.826714944244678,3.11657263104,0.255409261740673,16.07476224,0,402.757157784744,194.234587251829,347.372622779519
4.2656,1.25998150201208,0.854132368340277,3.38544652694361,0.957021456068986,3.114293006336,0.120869651933491,15.69608704,0,396.592596465544,185.20631600962,389.71996235491
