length,width,depth,volume,crease_depth,surface_area,crease_volume
58,21.7435098631715,14.3240866630886,9570,3.71234392064932,3396,0
62,18.3136846222686,12.4147146561087,9563,1.7568263362426,3316,0
