length,width,depth,ratio,circularity,volume,crease_depth,surface_area,crease_volume,x,y,z
9.976,1.73441736884573,0.929329439928376,5.75178741818015,0.741976653846626,9.285562740736,0.311698296790589,45.4157789866667,0,227.258548732157,129.251183670606,496.677515519237
5.2976,0.969319970856848,0.714601333325685,5.46527478982723,1.04809969079364,3.56924096512,0.0794433970404925,18.0375620266667,0,339.518248175182,180.182664233577,651.673448905109
3.6464,1.50473106172237,1.21985929829705,2.42329017640282,0.764990725583526,3.659774631936,0.339624146151368,19.82364672,0,113.281544758854,220.065936999466,665.266595479623
4.6784,1.10117200604845,0.837314074986065,4.24856423365537,1.01614079418726,3.348768690176,0.0794433970404925,15.9106696533333,0,373.042983565107,300.008752309637,677.842750170184
5.2976,1.29045679079423,1.1565414925629,4.10521300503175,0.984304284590701,3.230228205568,0.0794433970404925,16.79424512,0,277.771146284908,415.04183889505,696.719830628087
