length,width,depth,ratio,circularity,volume,crease_depth,surface_area,crease_volume,x,y,z
5.3576,1.18361310607744,0.623896045033227,4.52647911086029,0.646964361771332,2.195704623104,0.130871025974514,14.2475298133333,3.49393137777778e-06,265.061620051025,232.16893839176,202.967979306435
4.6768,1.45389901374929,0.747738837529562,3.21672960485717,0.589276529044699,2.280561770496,0.231233595679751,15.4356027733333,8.72777875726243e-06,273.723890101892,183.68253047671,268.548251000728
4.7064,1.50480040615524,0.740809814944129,3.12759086238211,0.557651696633,2.42576811776,0.28430129883649,17.1996049066667,4.33499840373396e-06,249.833880365639,210.863163521676,474.955471213984
