length,width,depth,volume,crease_depth,surface_area,crease_volume
17,436.151776545637,435.805433463961,1662197,1.15470053837925,231517.333333333,0
