length,width,depth,volume,crease_depth,surface_area,crease_volume
78,16.3693522281674,12.4077132929455,10073,1.15470053837925,3446.66666666667,0
