length,width,depth,ratio,circularity,volume,crease_depth,surface_area,crease_volume,x,y,z
5.3664,1.12621143329792,0.853650674554647,4.76500223788832,1.01251819184032,3.280379949056,0.0794433970404925,16.3145898666667,0,427.922763824084,293.191799861015,408.75707336444
