length,width,depth,volume,crease_depth,surface_area,crease_volume
86,26.9324976510157,14.6662490772184,17112,7.26254681124294,6177.33333333333,0
