length,width,depth,ratio,circularity,volume,crease_depth,surface_area,crease_volume,x,y,z
4.7064,1.38458208083791,0.688192184851262,3.39914842545977,0.552752374315979,2.115411918848,0.323813104894958,14.7837397333333,2.5934336e-05,229.047384358871,300.357154241299,288.252638934863
4.6768,1.38397535978363,0.848309322061094,3.37925091435962,0.550936093109081,2.456007553536,0.402250581208203,16.68559104,8.64775603145629e-06,230.228561472424,298.651524271127,393.228160209501
4.9432,1.450096902666,0.679386117994544,3.40887563507787,0.547737705085258,2.266453491712,0.295700427413147,14.5150506666667,2.5934336e-05,250.377174112047,365.427670725009,436.600741486635
4.7656,1.38622783419933,0.77662173468807,3.43781872101318,0.565216106317222,2.320578450944,0.387723113368922,14.81411328,1.30062414270791e-05,253.403468970373,388.42799986589,530.185171939785
4.2032,1.33785559765331,0.662411162502794,3.14174415188957,0.501018489144854,1.650564880384,0.339623886026357,12.8328234666667,8.762934951378e-06,240.463074699098,400.181373935451,629.608576097546
4.0552,1.75902045721505,0.758723782920339,2.30537398434828,0.485717245366036,2.223791508992,0.414795959933771,16.2498474666667,2.5934336e-05,248.905372782721,194.810104143585,872.091525067932
3.108,2.12884508468898,0.593364355529372,1.45994653267787,0.410888404382436,1.595713759744,0.31340440092687,13.27908096,6.49613171578656e-06,225.098961465325,262.372621040485,940.703846966471
