length,width,depth,ratio,circularity,volume,crease_depth,surface_area,crease_volume,x,y,z
4.4032,1.41279970622707,0.942712049798405,3.11664843968498,0.880686797407266,3.117875273728,0.180577247244004,14.9892266666667,0,318.330060580739,345.757468142887,1237.43116774598
4.2656,1.48989013056089,0.879814383172689,2.86302990569792,0.875894637235552,3.1182009344,0.148004357038338,14.9134916266667,0,292.735979112272,355.687206266319,1259.11362924282
4.4032,1.32187445160502,0.838896883394599,3.33102738664299,0.923563147938842,3.177796837376,0.105979165987608,15.7213320533333,0,316.429391268703,342.620926419348,1282.27351916376
4.4032,1.4568191222182,0.876735185796877,3.02247542803773,0.909755975010761,3.219481403392,0.11941138977803,16.0053384533333,0,288.645154764313,350.738721424236,1302.71312967833
5.9856,1.86637627999402,1.06781400213837,3.20707033418748,0.550588807242369,6.312606466048,0.494774508990223,30.4391748266667,0,301.435146011763,345.128263337117,1341.88819523269
3.9904,1.3061956763046,0.79895169727512,3.05497872362384,0.918520592893797,2.778536853504,0.120869651933491,14.5663726933333,0,145.809657759025,180.156704172527,1366.98265353962
