length,width,depth,ratio,circularity,volume,crease_depth,surface_area,crease_volume,x,y,z
3.6464,1.63452127025697,0.945905008110468,2.23086726759251,0.813670722769866,3.029295570944,0.240018683159549,14.4022801066667,0,227.941840464416,120.410341861965,409.043431520103
4.0592,1.502938903108,0.881543623801205,2.70084165870335,0.868165184173988,3.566961340416,0.171200915830992,17.3370129066667,0,369.249794576828,117.260111385009,511.338354788642
5.5728,1.67336970812116,1.31459284673064,3.3302861722393,0.712161204295075,7.130014752768,0.424559743354193,32.9510536533333,0,169.338814287019,412.928975975153,525.663332419841
