length,width,depth,ratio,circularity,volume,crease_depth,surface_area,crease_volume,x,y,z
4.4032,1.40201456797948,0.904298322732035,3.14062357165496,0.879527607134548,3.391430238208,0.184042823706801,17.3117678933333,0,214.42212406376,118.953236028423,277.37142308431
0.2752,4.11366334921761,2.62858114984464,0.0668990086542549,0.468406695407202,12.212600860672,0.987153418535537,170.2145024,0.000103015110530612,255.884746666667,265.798586666667,1450.60349333333
