length,width,depth,ratio,circularity,volume,crease_depth,surface_area,crease_volume,x,y,z
4.2656,1.13000108284038,1.04780065732904,3.77486363931435,1.03097750979793,2.923130191872,0.0794433970404925,14.2634325333333,0,322.88123885918,154.591131907308,487.819295900178
6.3984,1.84086621013251,0.968043164197735,3.47575503574452,0.587660448628849,5.279936475136,0.449486106897245,25.7940923733333,0,404.605045645201,331.027942264989,511.450037009623
5.4352,0.865691819519181,0.806702666979499,6.27844676067148,1.09161196138138,3.262794272768,0.0794433970404925,15.3426568533333,0,204.504940612836,142.657850084839,531.232059087733
