length,width,depth,ratio,circularity,volume,crease_depth,surface_area,crease_volume,x,y,z
4.128,1.21748658427648,0.804038339740988,3.39059177596864,0.994198725821635,2.98468005888,0.0794433970404925,13.1715857066667,0,107.791707583197,219.14609929078,773.301800327332
4.4032,1.39616762828468,0.852207302429849,3.15377603003856,0.915122738937383,3.141322842112,0.11941138977803,15.0397166933333,0,117.026435828323,212.927327389592,815.832884097035
6.88,1.75729967086753,1.07651970274205,3.91509775711933,0.768204800057827,5.94819217408,0.232941711140265,30.5275323733333,0,179.276649329318,375.072159868601,932.119134957569
5.848,1.80391725886092,1.09058652608191,3.24183383205321,0.656035914970798,5.685709672448,0.477289190332588,28.2744149333333,0,313.697462626725,343.825935047826,932.050461080245
6.536,2.08701087547695,1.12960924528363,3.13175176842637,0.485150585403599,6.613516926976,0.506071816023589,31.4615978666667,0,130.217598975773,223.740693322828,917.040772109513
0.344,24.5155856740861,24.3200570348468,0.0140318899402685,0.493062625827362,52.618948739072,1.09385260345973,645.294097066667,7.88483598261402e-05,223.021644003491,246.106332279088,1426.5166461388
