length,width,depth,volume,crease_depth,surface_area,crease_volume
7,436.685996817369,435.298801004713,565776,1.15470053837925,209690.666666667,0
