length,width,depth,ratio,circularity,volume,crease_depth,surface_area,crease_volume,x,y,z
0.4816,30.043996581035,29.9485575091243,0.0160298247505462,0.896726860068185,184.250992361472,0.0794433970404926,992.558189226667,0,247.95061113026,255.123610043217,1449.48876633879
