length,width,depth,ratio,circularity,volume,crease_depth,surface_area,crease_volume,x,y,z
1.2384,30.0025696424525,29.9963457007405,0.0412764644748199,0.896317528735342,569.665512763392,0.0794433970404926,1044.40513536,5.01320121077134e-05,258.269116033289,255.173595655403,1456.62731072773
