length,width,depth,volume,crease_depth,surface_area,crease_volume
18,436.083861082158,435.993396813088,1749261,1.15470053837925,220644,0.15393941122775
