length,width,depth,ratio,circularity,volume,crease_depth,surface_area,crease_volume,x,y,z
4.2656,1.29822610838644,0.905481273452192,3.28571423147676,0.882781847030163,3.027341606912,0.152122523717634,14.8377565866667,0,129.014199655766,377.129948364888,352.150925129088
2.8208,30.1170243940343,29.703065033295,0.0936613113929926,0.897043956772973,1639.69203936051,0.0981353203663661,1142.42521088,2.46431697689481e-05,256.862690803213,267.735079389827,1435.38719931519
