length,width,depth,ratio,circularity,volume,crease_depth,surface_area,crease_volume,x,y,z
4.6096,1.23599993691305,0.848803751193664,3.72945002854338,0.958366994311133,3.072934100992,0.110127612036385,14.9450478933333,0,165.415112335735,172.631305637982,1257.67306061891
4.2656,1.39254590744097,0.854483261703991,3.06316651911228,0.915122738937383,3.025713303552,0.11941138977803,14.90086912,0,372.266063932838,191.764288020665,1279.76590248628
5.7104,1.8174414027204,1.16824519584118,3.14199951176005,0.488129343680318,5.634580946944,0.360831994767474,28.1797461333333,0,160.838631372096,182.139116865102,1295.34267714715
6.88,1.89580377721919,1.06050049061461,3.62906756631308,0.601740468051999,8.976510763008,0.54598838929003,43.8947669333333,0,196.759106080395,378.22286315484,1338.58757800029
3.3024,1.40817526012988,0.898304005289576,2.34516263245202,0.883925245170221,2.498794336256,0.179935998669129,12.15547392,0,369.271471393197,215.392414961553,1350.47491202919
