length,width,depth,ratio,circularity,volume,crease_depth,surface_area,crease_volume,x,y,z
4.9536,1.10195440654894,0.785902423701838,4.49528580362368,0.993295384490896,3.403805343744,0.0794433970404925,17.1602978133333,0,404.305587447379,342.485074626866,1098.02889399158
5.7792,1.48820012673978,0.863523338407987,3.88334868151138,0.871683605325766,4.32965863424,0.118428242912448,20.8145134933333,0,413.526212861978,316.582023317036,1121.8434749906
6.6736,1.67187197090267,1.29826559749056,3.99169321344433,0.837672972593072,8.609491185664,0.238444563828776,40.55611392,0,388.911790293906,329.495895903469,1225.14733139161
6.8112,2.104352127758,1.10661860009519,3.23672065627948,0.540779422546185,7.756911546368,0.581408629306096,36.3843754666667,0,377.982954783996,332.831311138167,1274.87631722574
5.848,1.4750206941629,1.13234519674675,3.96469013834335,0.930713834554531,5.6013635584,0.100360599252424,30.0352546133333,0,287.93,366.096686046512,1319.1325
5.7792,1.90289380267799,1.09270728951587,3.03705860614333,0.525050590101458,4.682023481344,0.508451628711036,25.2513245866667,0,237.025596438756,149.448146344856,1336.62857341587
