length,width,depth,ratio,circularity,volume,crease_depth,surface_area,crease_volume,x,y,z
4.472,1.21729440879823,0.926781092626682,3.67372097306761,0.939128818971519,3.243905953792,0.146486386170638,13.5250158933333,0,408.782953518723,255.919586386909,316.686979218954
3.44,1.26854937618057,0.966587133788267,2.71175885195526,0.908592217486087,2.59388725248,0.181671622396101,13.8658235733333,0,394.043565599498,270.717639673572,349.480351537979
5.7104,2.1758445426225,1.07234632170882,2.6244522014966,0.507928103119951,5.325854629888,0.559907435617324,23.9512064,0,261.007031918797,382.383820472056,409.300660388896
