length,width,depth,ratio,circularity,volume,crease_depth,surface_area,crease_volume,x,y,z
4.0256,1.29210079525627,0.675325067161697,3.11554641462904,0.598498023994687,1.747170281984,0.303381728084629,10.9578410666667,1.29803259583968e-05,273.796197063931,201.433908771096,188.433404087934
4.588,1.39872045545613,0.921036775242387,3.28014077588065,0.584759926974987,2.777930466304,0.413092610656671,16.56292864,8.68745722289267e-06,253.843393178911,238.0439458869,344.484030286904
5.2096,1.40140402704261,0.845435350039786,3.71741474940232,0.565602508619927,2.967380790784,0.406203514619386,17.4367522133333,1.29691413933952e-05,245.509832369033,167.954377807688,391.754549109406
5.0616,1.42692325345794,0.839434362468632,3.54721249915436,0.596964121199212,2.88273111808,0.362108405853741,17.4589482666667,2.5934336e-05,245.703180243804,158.592559938824,508.997930817327
5.3872,1.40954338055728,0.786160888148204,3.82194693282168,0.595178861054499,2.931902619136,0.343137925930472,17.0862882133333,2.5934336e-05,224.08643001831,220.138070428391,558.149658118902
4.5288,1.41724547857909,0.839285305549264,3.19549440689732,0.570326134097645,2.5687959808,0.384396214862728,17.0454007466667,1.29695416349991e-05,248.658970217062,180.905885916204,738.340615850581
4.6176,1.42224971973867,0.685710482071929,3.2466872279282,0.53226293918853,2.030995655168,0.338313461097714,13.9262711466667,1.00821317601001e-05,216.213016995901,233.00750833195,789.685620522774
