length,width,depth,ratio,circularity,volume,crease_depth,surface_area,crease_volume,x,y,z
5.9168,1.42714362034483,0.930272253230345,4.14590368877546,0.888527732964911,5.159767687168,0.158275976520126,24.1910340266667,0,155.326495834385,108.308886644787,394.075359757637
3.9904,1.53666101138877,0.928099804785161,2.59679914465562,0.835561985587495,3.396315148288,0.236123096211344,16.77531136,0,342.802857416818,135.476363985042,437.072298398696
