length,width,depth,ratio,circularity,volume,crease_depth,surface_area,crease_volume,x,y,z
0.8944,30.0093277389682,29.9951818889202,0.0298040665149119,0.897513047143727,520.486517702656,0.0794433970404926,1016.44628309333,0,257.48809830707,255.922519797569,1454.13613707126
