length,width,depth,volume,crease_depth,surface_area,crease_volume
13,436.182089229189,435.976480943608,1598248,1.15470053837925,214737.333333333,0
