length,width,depth,ratio,circularity,volume,crease_depth,surface_area,crease_volume,x,y,z
4.816,1.31616406935315,0.76170182154275,3.65911827570776,0.92842310852104,3.258886344704,0.0794433970404925,16.3082786133333,0,385.225741980614,279.800839412411,1239.88398121315
4.816,1.3213416215545,0.833608932257606,3.64478036674133,0.937978114926076,3.293406375936,0.0794433970404925,16.90784768,0,383.341046178187,277.072283199842,1287.48927123504
7.9808,2.04311065543366,1.17984690610361,3.90620056665801,0.460861775205501,8.7195644928,0.516052488573603,44.9235012266667,0,378.358543417367,296.585508870215,1336.29893557423
