length,width,depth,ratio,circularity,volume,crease_depth,surface_area,crease_volume,x,y,z
6.6048,1.97652309433564,1.1046802646197,3.34162551347271,0.497371427185327,6.196019945472,0.547212201575732,31.65724672,0,425.483180910333,256.128981393882,428.745979186377
5.0224,1.31414083811661,0.886276827546137,3.82181258988797,0.91681124180812,3.360166813696,0.165374618501282,18.15747584,0,418.917522775732,245.952219422369,464.593525877108
6.4672,1.94598571611043,1.03090555618665,3.32335430134935,0.569941451503797,6.2364018688,0.561362526038521,32.7427822933333,0.000325660672,288.530711375744,396.27770813747,517.227149274
7.7056,1.70700277202766,1.074979498264,4.51411100571731,0.546012548632646,8.114812624896,0.371889425958431,40.9663453866667,0,375.190504855927,282.286339192552,505.761698370656
9.4944,3.11244062077999,1.1406488782751,3.0504678343456,0.36554784058403,14.549541842944,0.629876105274765,64.0907776,0.000162830336,183.487508954155,107.221660100287,506.712728330946
5.7792,1.18128015957873,0.806511568928361,4.89231953414083,0.963130015639708,4.158035460096,0.0794433970404925,19.29350144,0,438.679902882206,266.614896616541,530.871397243108
