length,width,depth,ratio,circularity,volume,crease_depth,surface_area,crease_volume,x,y,z
6.536,1.77059113391982,1.04292483301741,3.6914225282097,0.645858002057267,6.47413415936,0.4162051511968,30.97563136,0,144.980482897384,313.716096579477,1290.99230382294
5.0912,1.1714466614303,0.786309112726749,4.34607922633352,0.982591343912413,3.574451535872,0.10722667747069,15.7844445866667,0,125.21610787172,199.129373177843,1334.52241253644
4.472,1.1289833648957,1.03153136625435,3.96108582203349,1.04538343575161,2.910103764992,0.0794433970404925,15.69608704,0,340.434646374217,287.287936436885,1353.66640555058
