length,width,depth,volume,crease_depth,surface_area,crease_volume
15,436.239550906004,435.624739970464,1690044,1.15470053837925,221698.666666667,0
