length,width,depth,volume,crease_depth,surface_area,crease_volume
101,27.4427093138397,12.9528425748006,16464,4.86998686023512,6029.33333333333,1
42,437.806001791611,431.779043661645,5246295,1.15470053837925,243649.333333333,0.0546648343258513
