length,width,depth,ratio,circularity,volume,crease_depth,surface_area,crease_volume,x,y,z
6.9488,1.88805840079217,0.891155569146283,3.68039463031678,0.675143468922914,5.361677303808,0.335055095984176,28.5394875733333,0.000325660672,179.559402332362,450.933126822157,389.839103498542
2.8896,30.1210529232629,29.7063982039212,0.0959329013949683,0.897267581640078,1708.51195521024,0.0794433970404926,1153.29950037333,1.78021866813254e-05,256.67236250559,268.056190417373,1441.68678985477
