length,width,depth,volume,crease_depth,surface_area,crease_volume
20,435.975027242567,435.617264061613,2535873,1.15470053837925,362049.333333333,0
