length,width,depth,ratio,circularity,volume,crease_depth,surface_area,crease_volume,x,y,z
4.6784,1.50900948249814,0.896848355640745,3.1003118630209,0.844919576682319,3.620695351296,0.177992888338401,18.0501845333333,0,336.002878215506,130.657402410505,1270.20111530851
3.3712,1.33301583568185,1.16015221247062,2.52900221419771,0.986907031184852,2.469484875776,0.0794433970404925,11.89040128,0,365.444341862305,231.525191242416,1343.0973357953
6.3296,1.32596700761266,1.06171403400265,4.77357276890028,0.998253773370239,5.026898132992,0.0981353203663661,25.3775496533333,0,219.034726271461,341.918172983479,1359.24029802397
