length,width,depth,ratio,circularity,volume,crease_depth,surface_area,crease_volume,x,y,z
4.1968,1.19291745900232,0.949164248512991,3.51809755849321,0.949505932993303,2.938761904128,0.138371465498009,18.9653162666667,0,311.398936170213,211.071143617021,558.724844858156
