length,width,depth,volume,crease_depth,surface_area,crease_volume
61,17.3389165552664,13.7959919842005,9024,2.01121316130827,4006.66666666667,0
