length,width,depth,ratio,circularity,volume,crease_depth,surface_area,crease_volume,x,y,z
2.9584,1.46825845748291,1.13439941841812,2.01490410964273,0.836137872111543,2.553830989824,0.283726418001759,14.20032,0,257.614001530222,336.016704922214,238.550369803622
5.2288,1.38797796496366,0.779798432404664,3.76720677992671,0.878182964256921,4.525706358784,0.146486386170638,22.3733930666667,0,273.743829603512,379.565157947759,284.811326185508
4.5408,1.52513497520911,0.920788199156149,2.97731025372192,0.892520679594,3.909230706688,0.133348346032779,17.72199936,0,422.448433855382,188.881039653449,311.897867377541
5.2976,2.1995749172176,1.0775044259142,2.40846536234434,0.504558868690835,6.578996895744,0.476818956975416,34.3647744,0,196.373824373824,180.428026928027,335.645728145728
5.3664,1.56852922837788,0.795839651724737,3.42129423086986,0.822252602318632,4.164874334208,0.171890278154016,19.5080840533333,0,401.913284854172,205.154195011338,339.193916647119
