length,width,depth,ratio,circularity,volume,crease_depth,surface_area,crease_volume,x,y,z
6.88,1.99355110124019,0.979886882877916,3.45112798749926,0.515989529518935,4.916824825856,0.493335572743295,26.3494826666667,0,238.551132600344,422.902238707113,891.096569081998
