length,width,depth,volume,crease_depth,surface_area,crease_volume
100,28.9760334482586,14.2425419022953,15098,7.17057518522231,5566.66666666667,0
