length,width,depth,ratio,circularity,volume,crease_depth,surface_area,crease_volume,x,y,z
4.5408,1.27063667591635,0.876078797536865,3.57364153425312,0.923563147938842,3.29242939392,0.142822273008625,17.7472443733333,0,415.276953511375,204.800692383778,600.59881305638
3.784,1.01246436839802,0.846159355833879,3.73741547664266,1.0555653320531,2.44245504,0.0794433970404925,11.43599104,0,323.102,387.9148,617.2176
5.2976,1.29019275164576,0.885198024385891,4.10605314069733,0.959883047015088,3.665962184704,0.0794433970404925,17.6778205866667,0,245.682242160434,109.436706049569,695.944567824465
