length,width,depth,ratio,circularity,volume,crease_depth,surface_area,crease_volume,x,y,z
3.9216,1.45805851828525,0.927367711194416,2.68960398421594,0.856253011071868,3.300896571392,0.23211795171625,15.6140407466667,0,240.759865824783,392.340173638516,649.862865035517
4.4032,1.2700203082415,0.84451882354441,3.46703117377452,0.936489327860815,3.039391051776,0.137798903908448,14.71153152,0,356.18868531019,317.438229936783,689.800385728062
3.44,1.349656058239,0.953849136895536,2.54879750955842,0.948270063329847,2.659670708224,0.131490579901998,12.6603741866667,0,356.38067833966,293.57756826252,750.89567772744
3.9216,2.06025517998578,1.11361983458882,1.90345353240518,0.454647105483013,4.107883716608,0.535241142854573,21.1931886933333,0,240.982955446329,368.336055176788,763.838829871571
