length,width,depth,ratio,circularity,volume,crease_depth,surface_area,crease_volume,x,y,z
3.7888,1.26596189255292,0.556090359651616,2.99282310335547,0.64050861239181,1.322495529984,0.154828738973731,10.11789568,6.81607548717949e-06,235.147076126603,120.457308702985,286.094148331176
4.2624,1.09605927772965,0.502548403791481,3.88884076491651,0.718373628976572,1.430901054464,0.107839678639156,10.1833156266667,1.2967168e-05,196.783883713343,146.245496066988,340.141932794432
4.2328,1.44122610805255,0.6536832684978,2.93694374279658,0.559807303760234,1.866286687232,0.219672505684419,14.25337088,4.4831110886076e-06,238.992398766015,140.156235235263,392.515633250882
4.5288,1.50924303636856,0.67137346727814,3.00070955496796,0.529902125959994,1.968390168064,0.274231251111514,13.2557166933333,8.65331250542942e-06,186.356434208619,166.993069737414,446.781933885822
4.3808,1.48590594229798,0.783846281655555,2.9482350634018,0.56292084192185,2.188365206016,0.300494161841164,14.8024311466667,6.48917088841017e-06,236.544162785461,172.047475142508,504.973951481969
4.3216,1.69039968832651,0.68517447331215,2.55655513299246,0.520533153604853,2.273248287744,0.300044733236224,16.23699712,8.65125415630462e-06,170.609190681543,216.839813357063,612.42939284003
3.4632,1.62612043299657,0.789515912816708,2.12973155599435,0.566565851058015,2.152212741632,0.302803341455336,15.59915264,2.5934336e-05,263.893441141384,366.93294130406,838.356561871136
