length,width,depth,ratio,circularity,volume,crease_depth,surface_area,crease_volume,x,y,z
4.6096,1.38192646815467,0.904284402793855,3.33563333956209,0.907435467301288,3.612228173824,0.161980793552402,17.4253704533333,0,259.009736747205,455.437071763433,260.696628200505
5.848,1.43221272519255,0.914538530159807,4.08319231992146,0.832674649168377,4.597026045952,0.232941711140265,21.5024401066667,0,288.722442618305,424.764735052423,319.644233493908
0.2752,12.8158324690732,12.2329750062021,0.021473439252901,0.465925483915512,28.61905985536,0.877569664480208,375.500639573333,5.03416001638315e-05,231.452298588985,260.812346381429,1450.59703004096
