length,width,depth,volume,crease_depth,surface_area,crease_volume
15,436.193038510592,435.708895766566,1862622,1.45432920786505,224746.666666667,0
