length,width,depth,ratio,circularity,volume,crease_depth,surface_area,crease_volume,x,y,z
1.032,30.0100810495288,29.9767720287398,0.0343884442796667,0.897285315095879,606.582732201984,0.100057849501116,1063.82486186667,0,258.598463071042,255.627129772813,1453.24732875042
