length,width,depth,ratio,circularity,volume,crease_depth,surface_area,crease_volume,x,y,z
5.2984,1.45873310036897,0.722161137694926,3.63219289303836,0.544798063125311,2.686174785536,0.317033245589132,17.35848192,1.29734872826511e-05,243.600602456167,315.042142967483,161.988829458562
5.1208,1.43031881776197,0.682581290510087,3.58018082151262,0.601158069638265,2.461842779136,0.248054698224583,16.0500829866667,5.27037329469447e-06,241.992446747993,377.568958978573,225.95798832775
5.032,1.42107589245283,0.807656732644651,3.5409790755894,0.522769835077446,2.590995772416,0.35509394713219,17.6224981333333,1.29722578212744e-05,248.243423686739,386.865200592569,345.119154388213
4.9432,1.35600814909328,0.647092447040982,3.64540582097928,0.57289895259061,2.153509458432,0.235699132374495,13.7463662933333,2.6997960600349e-06,325.563953418356,129.68005828727,368.199368956008
5.18,1.31651833937649,0.693751188334942,3.93462046449978,0.56101295928649,2.39322052608,0.278266545533836,16.1785864533333,8.64806253320671e-06,259.245267070514,320.910272109581,400.528592637545
5.2392,1.40822091582453,0.663653542533012,3.72043898874517,0.56329553693503,2.420996199936,0.256695596627984,15.02439168,1.29994889571286e-05,306.80470482373,157.261807586421,426.450921789804
4.3808,1.31820131166531,0.745192404718417,3.32331637150751,0.523097535488017,1.786279260672,0.340218041921586,14.0898210133333,3.35730412873563e-06,260.755978221416,372.216304900182,473.024871143376
5.1208,1.46074922426069,0.663022704212392,3.50559830185206,0.527088428232038,2.314224538624,0.297594230692786,15.8246178133333,1.29706955212187e-05,284.194376582917,215.507620413744,652.227603828137
2.5456,2.92326699725489,0.668236974396666,0.870806533371894,0.364614387982113,1.872770271232,0.381501500595577,16.2112964266667,1.29912461309926e-05,228.089889352038,327.677085208625,938.75412333301
