length,width,depth,ratio,circularity,volume,crease_depth,surface_area,crease_volume,x,y,z
4.4032,1.29106564873622,0.850520255994404,3.41051595967264,0.9459484368249,3.146859073536,0.110127612036385,15.8791133866667,0,282.339439097589,389.931284280244,472.38900962434
4.4032,1.31673617636426,0.845677415641486,3.34402599323882,0.928751704949734,3.071631458304,0.119920046281333,14.5285051733333,0,255.782654792197,392.812128922816,495.261026293469
5.848,1.87970303486228,1.13160782327366,3.11112973248376,0.595443332653634,6.294369468416,0.533713577798186,29.9279633066667,0.000325660672,266.617756622517,393.252173013245,530.00522557947
5.16,1.37217277415253,1.16117542462947,3.76045939490882,0.982112301586512,3.820651003904,0.0794433970404925,21.0290961066667,0,265.016621206955,122.274548244119,557.937009887487
6.7424,2.00588830644972,1.13127919198344,3.36130380655819,0.57289895259061,6.52461156352,0.545896869736059,29.9658308266667,0.000325660672,265.428799600699,395.808984277514,581.682156226603
4.6096,1.29103321566566,0.884331659474806,3.57047358973121,0.960762918587714,3.390778916864,0.0981353203663661,17.4821717333333,0,155.247694967345,195.033711102574,598.188724548598
