length,width,depth,ratio,circularity,volume,crease_depth,surface_area,crease_volume,x,y,z
4.3216,1.33442079624192,0.627049550150007,3.23855864070071,0.472219935170774,1.4860374528,0.343457202712756,12.1949789866667,5.78035437454299e-06,239.832879581152,346.941937172775,296.8107504363
4.2032,1.30322666339211,0.697522096029587,3.22522560201437,0.465684798048379,1.414795831808,0.365845775087839,11.8153096533333,8.65830198096728e-06,283.43073708137,322.212783898227,359.847341117812
4.3216,1.34045886972039,0.709860237248367,3.2239706100803,0.450976838816707,1.62141468672,0.416404199410915,13.14940928,6.69855694429708e-06,231.242082533589,353.564187460013,416.048352527191
4.6176,1.2550879763677,0.773994349623134,3.67910464202166,0.459002583495599,1.711121554944,0.450133807826523,14.37953792,6.54517090748899e-06,283.48600269791,334.445594676933,475.836685511618
4.6472,1.26600565586844,0.764030056657023,3.67075769247822,0.442437323940189,1.568275232256,0.440251840710202,13.0045508266667,4.98580049164828e-06,228.954225235654,361.882851000496,533.101984455102
4.5288,1.20164220482896,0.742212889838785,3.76884232411314,0.451330784601257,1.464978771968,0.404662230359124,12.4332945066667,4.69257765307232e-06,280.594710380966,342.22680923382,595.702255346268
4.1736,1.19414494632789,0.724529161964711,3.49505310292038,0.51008933493253,1.465445590016,0.391887181525039,12.1272226133333,1.29747823088667e-05,122.09209641454,285.322726790075,679.003946483559
1.6576,0.968825979078159,0.724710755078746,1.71093677894271,0.894768744337176,0.631449212928,0.0527233886870148,5.86676736,1.61107238787879e-05,204.207899251077,349.01761432576,1058.35354169282
1.5688,0.973364808220279,0.893855162761519,1.61172870310406,0.886345758552795,0.721389490176,0.0543515875563684,6.46489258666667,1.56970981052632e-05,211.705865419216,317.300215905002,1219.36311622886
