length,width,depth,volume,crease_depth,surface_area,crease_volume
58,25.2660496354708,13.8044967603532,10999,6.59236087087451,3844,0
76,16.697930582853,13.9017030376641,14140,1.15470053837925,4546.66666666667,0
