length,width,depth,ratio,circularity,volume,crease_depth,surface_area,crease_volume,x,y,z
3.9904,1.73830421492039,0.949749377112301,2.29557057145072,0.57752763887659,3.581941731328,0.453554427916166,18.19534336,0,143.209291753796,198.719065369579,1355.59587235203
5.2288,1.14881762410029,0.956437168991288,4.55146220802018,1.00910407048055,4.60484190208,0.0794433970404925,21.5213738666667,0,162.48772897659,339.425348327322,1349.3570973902
