length,width,depth,ratio,circularity,volume,crease_depth,surface_area,crease_volume,x,y,z
4.6784,1.5319439566527,0.82935219909166,3.05389761791437,0.859050509596407,3.557517180928,0.0794433970404926,17.0719402666667,0,129.868912486269,208.150128158184,821.025631636763
6.2608,1.59887986036797,1.20025298354336,3.9157413606793,0.857129233807468,6.839851094016,0.199565956330946,35.3240849066667,0,239.6069132981,122.48864447936,853.51492643908
4.6784,1.38293291576853,0.844925641780618,3.38295512866587,0.90074908335198,3.53667489792,0.119920046281333,15.9990272,0,337.443186003683,167.641252302026,885.663627992634
