length,width,depth,ratio,circularity,volume,crease_depth,surface_area,crease_volume,x,y,z
7.8432,1.9299751827112,1.08855248063479,4.06388645318331,0.588680400722992,9.741487681536,0.531637599849908,47.9465915733333,0,294.204961053722,111.276535285662,391.804365994718
4.5408,1.75530784099562,1.00322618009212,2.58689666504562,0.56542220161236,3.954497540096,0.522757093518636,20.4800170666667,0,371.646133574899,322.024705591699,406.2806555217
7.4304,2.91446114013374,1.33668954116514,2.54949359168983,0.330830903961443,8.442427260928,0.714177062492843,42.16548352,0,122.396003703132,324.151905570128,460.931299182225
2.752,1.29641901935167,1.17585553517613,2.12277046149497,0.959708805915978,2.156199309312,0.0981353203663661,9.88973397333333,0,305.41640235614,112.217942908926,472.778734330162
