length,width,depth,ratio,circularity,volume,crease_depth,surface_area,crease_volume,x,y,z
5.7792,1.17113968620954,1.00104119329977,4.93468035286609,0.991014389080442,3.648376508416,0.0794433970404925,17.7030656,0,350.185486030528,374.314201553155,648.997232884049
5.504,1.72345173200582,0.791327886104644,3.19359103465824,0.646740752419813,4.792748109824,0.33353015106891,26.09072128,0,374.227084324251,162.808248963783,667.314738058028
6.3296,1.09133619822122,0.787538517536927,5.79986259991805,1.01413881101788,4.747806937088,0.0794433970404925,23.6167099733333,0,204.936826942863,352.072089992455,682.960491117361
4.5408,1.81457864989647,1.25275892681494,2.50239911081235,0.449932318016854,3.603760996352,0.561748103640706,17.9365819733333,0,146.637448039039,210.214440628954,690.18344478583
