length,width,depth,ratio,circularity,volume,crease_depth,surface_area,crease_volume,x,y,z
4.1968,1.05087214541297,0.972369683897047,3.99363520892521,1.02658704137576,2.756066267136,0.0794433970404925,13.8090222933333,0,174.635944700461,376.152191894127,550.888691953208
4.1968,1.28335363879693,1.04597641292403,3.27018202397763,0.958685091776657,3.37221625856,0.0981353203663661,16.3272123733333,0,144.31096088846,259.495509415741,579.011588604539
