length,width,depth,ratio,circularity,volume,crease_depth,surface_area,crease_volume,x,y,z
2.1328,1.25710549060462,1.16109648410326,1.69659588311415,0.960247280064351,2.047102984192,0.110127612036385,13.0011818666667,0,301.074292077633,99.260579064588,422.21237671015
1.376,1.89088218544011,1.16642175963104,0.727702662067088,0.795268625032019,1.737725345792,0.172608777223552,10.9815808,0,287.215704647676,124.848575712144,453.006934032984
0.8944,29.9942680388466,29.9887379081477,0.0298190307175235,0.897898527167692,510.833284063232,0.0794433970404926,1045.03626069333,0,258.47436075633,256.025673035725,1447.22764559913
