length,width,depth,ratio,circularity,volume,crease_depth,surface_area,crease_volume,x,y,z
4.2328,1.37258630772758,0.705715260984121,3.08381336471855,0.577046841732173,1.857002194944,0.33241809552078,12.0863351466667,1.30448157125749e-05,324.051812747891,240.735336014748,158.978897826937
4.8544,1.48095437689306,0.823137707113423,3.27788625749849,0.576655254605792,2.654457092608,0.391336184027414,16.6797499733333,1.29812755263826e-05,300.74545934169,145.961417838266,239.994362646918
4.1736,1.45873898715731,0.704343897852724,2.86110129141966,0.566716376525087,1.95557860608,0.321634219688941,14.12019456,1.29868331016075e-05,310.944804721172,182.07949074995,349.521079504012
3.9368,1.37269804843703,0.679485863711172,2.86792860562633,0.544316593492978,1.47838682368,0.321090140358335,12.2755857066667,1.30983053325402e-05,278.204354080415,339.696249386008,530.639042874184
