length,width,depth,volume,crease_depth,surface_area,crease_volume
54,22.1901842850819,16.2932526775186,9416,2.87902616886544,3230.66666666667,0
