length,width,depth,ratio,circularity,volume,crease_depth,surface_area,crease_volume,x,y,z
5.7104,1.7203706472177,0.979805514727739,3.31928471881059,0.483736412790024,4.662483841024,0.487655135263571,25.67417856,0,368.79297338828,169.842425089055,1151.12174338199
5.7792,1.65594798262209,1.12311691429847,3.48996469735058,0.537698973860813,5.785687498752,0.424712669067058,30.54015488,0,364.071090847687,162.647078689632,1194.67297084318
4.3344,1.9299127455269,1.15990453969656,2.24590464519505,0.517227221633018,3.799808720896,0.587809405652365,19.71004416,0,350.440606787796,148.523825848474,1253.2132327734
5.7792,2.04885577192215,1.13262039715718,2.82069635120202,0.600455881237867,6.12079233024,0.501859595071765,29.0317653333333,0,351.819250824731,145.618229222092,1290.97318293072
5.2976,1.87994335251706,1.05302375101045,2.81795725009853,0.586428886425218,5.83583924224,0.536419986554666,29.59346688,0,303.927566964286,124.144698660714,1337.82204241071
5.848,1.95107241836312,0.928477143555759,2.99732595518226,0.607183210777113,5.300778758144,0.383733602843618,26.4820189866667,0,313.516987159796,115.160287522271,1382.30386434847
