length,width,depth,ratio,circularity,volume,crease_depth,surface_area,crease_volume,x,y,z
4.4992,1.28891116408128,0.734267091683757,3.4906982927772,0.488841535339802,1.746962807296,0.412734109620445,12.3316599466667,2.5934336e-05,222.822330428586,219.938807321744,254.885393625392
4.292,1.33129980303711,0.769579715727085,3.22391694959212,0.550964436779427,1.866468227584,0.35597851871573,13.9718314666667,8.49309556924726e-06,203.878850616238,176.638775028137,318.893190123525
4.4696,1.32269280669425,0.703010153424054,3.37916708806384,0.532053591176193,1.929151517696,0.359159506421828,13.60150784,2.5934336e-05,229.141533911407,230.457417490085,371.942448074209
4.4104,1.30120248956405,0.757463532848101,3.38948014269296,0.584617427119329,2.013438109696,0.322802492326364,14.31995904,1.29790995126978e-05,219.495723633366,173.247024576228,431.959400278221
4.4992,1.31820411396421,0.854262586911448,3.41312847709877,0.450655031585279,2.110095379968,0.497072596975301,14.78607616,2.5934336e-05,230.348975553398,233.787379702806,489.013298754932
4.3216,1.2556388819583,0.885301375915652,3.44175388489085,0.46922579013894,1.998940815872,0.492079369111715,14.3643511466667,2.5934336e-05,239.280018682616,176.837552058331,553.969485060394
4.4696,1.23746449869546,0.748650359275295,3.61190159775241,0.468375843657153,1.512568278528,0.41123467115025,12.1657736533333,2.98434907702795e-06,240.654373060371,235.891415050666,613.079608387771
