length,width,depth,ratio,circularity,volume,crease_depth,surface_area,crease_volume,x,y,z
5.2392,1.32358873571251,0.772178177422983,3.95832924430235,0.562021032391923,2.315702795776,0.370842928845875,15.0173824,2.5934336e-05,257.55023462611,372.096695075651,195.798747914123
4.6176,1.46336868365081,0.854926019717757,3.15545907985404,0.501839590320834,2.344282434048,0.44607991509911,16.69610496,1.29690364680115e-05,289.040368170102,333.151991857777,260.446881948823
5.1208,1.40215896389859,0.809415050570088,3.65208234718411,0.505627817168715,2.34550134784,0.436233922523137,15.7054600533333,1.29689543573495e-05,244.973772086955,395.498131316482,302.932119241912
4.3808,1.36756945749614,0.90463752093177,3.20334735174676,0.520841395036522,2.320656253952,0.446368286338376,16.9496072533333,1.30283009310345e-05,287.535973715384,355.727151829418,367.13650790103
4.7656,1.27131378173231,0.777207039278969,3.74856315449229,0.545380261956557,2.103845204992,0.378507259201687,14.17977344,6.56742344827586e-06,232.063990039693,411.936429082123,411.612965656665
4.2032,1.133588100791,0.713826381926887,3.7078723718669,0.518713173843106,1.585184419328,0.405528118553047,12.2545578666667,8.79441291581432e-06,276.396070219066,412.618474224106,478.477365312566
2.7232,2.63112612443602,0.693505554803381,1.03499409424309,0.373134905163208,1.874300397056,0.379166818587387,16.3187720533333,1.29689479818806e-05,313.611407065075,272.523584840392,707.293049771001
1.5096,0.795663608152804,0.728074617278362,1.89728420972357,0.937322852562002,0.542831586816,0.0422210099250645,4.90883242666667,0,255.957286192069,379.440038222647,775.171428571429
