length,width,depth,ratio,circularity,volume,crease_depth,surface_area,crease_volume,x,y,z
0.6192,30.0038702605269,29.9773396490173,0.0206373376042297,0.897844381081736,306.152946425856,0.0794433970404926,986.474141013333,0,252.276380760304,255.701483249619,1465.31024425113
