length,width,depth,volume,crease_depth,surface_area,crease_volume
9,436.102765414635,435.717146061298,940098,1.15470053837925,208405.333333333,0
