length,width,depth,ratio,circularity,volume,crease_depth,surface_area,crease_volume,x,y,z
4.8248,1.40920023163299,0.655218323119768,3.4237859827833,0.532556849580293,1.869398807552,0.245901070056973,13.0804846933333,2.70555572932331e-06,241.239241419494,228.531020226964,406.524957687079
5.18,1.45815744701854,0.570789809675969,3.55242845043341,0.559503111412846,1.985869910528,0.186885770842481,13.2767445333333,5.25347223627609e-06,247.255324984002,188.472686194873,456.166468598592
4.7952,1.42661059949724,0.748790420843787,3.36125359063637,0.546577572149294,2.239611453952,0.323372169080563,16.30358528,2.61036009625426e-06,258.180798091621,235.951456760387,514.253844550465
5.328,1.4269732080067,0.588187210863806,3.73377717963081,0.567644126909847,2.050212998144,0.200345052425078,13.4134254933333,6.54554700955691e-06,259.088698864068,169.900106256483,569.821362612897
4.9136,1.43740743153177,0.700100770767676,3.41837664966281,0.547622248271079,2.201487980032,0.29358471427759,15.62368512,8.6877696919464e-06,266.359913767715,216.257330333267,636.395843886579
3.7296,0.79629972950108,0.448030792392527,4.68366352747196,0.867162221966648,1.222155584,0.047380484248212,8.9017856,2.5934336e-05,266.237793103448,148.601676392573,667.954122015915
