length,width,depth,ratio,circularity,volume,crease_depth,surface_area,crease_volume,x,y,z
7.4992,1.67412125083042,0.951386408238307,4.47948438398959,0.503081111692887,5.869382291456,0.47967707474589,30.14254592,0,185.878544082561,169.134494812184,818.355989568884
6.6736,1.87252280197867,1.08631328829976,3.56396194104985,0.759382234004442,5.794480336896,0.294657996390829,26.71553536,0,289.14438262238,348.376945989996,854.105771932783
4.8848,2.18794321775385,1.36437675300309,2.23259907312163,0.555022752553181,5.58833713152,0.413167796309922,27.5549320533333,0,138.107348913107,306.117605921091,842.067428171805
