length,width,depth,ratio,circularity,volume,crease_depth,surface_area,crease_volume,x,y,z
8.6688,1.76603705736829,1.18270076644575,4.90861727042017,0.658855724931671,9.618062286848,0.365439626386265,48.4199355733333,0,185.134929234103,131.483544389517,272.062605810253
3.5776,1.45341606231592,1.04431586666668,2.46151125803531,0.880408201760378,3.024085000192,0.184619728249453,15.8728021333333,0,350.106073659272,126.041460262761,320.023045444756
4.6784,1.34774324340064,0.810832807174367,3.47128432875346,0.907997476906165,3.41455214592,0.140873350118811,15.4057693866667,0,383.084883166428,132.940963280877,337.509394372914
4.2656,1.47965907357718,0.993959498427486,2.88282623759243,0.88313974406229,3.714485624832,0.1876688734894,18.57401856,0,373.055058741014,130.32211116956,367.653165000877
0.2064,8.17441728880599,7.57994190740158,0.0252495061981535,0.332944315285779,3.263445594112,1.21891566296645,64.4694528,7.79517925993651e-05,249.538169843329,253.732960782357,1450.9531982836
