length,width,depth,ratio,circularity,volume,crease_depth,surface_area,crease_volume,x,y,z
5.848,1.77221785943609,0.955893778812836,3.29982003559134,0.631945663028283,4.850064388096,0.380514893975977,25.5290197333333,0,251.564560531793,147.857852682468,1278.10172564292
