length,width,depth,volume,crease_depth,surface_area,crease_volume
85,25.7589805150594,13.8938049246052,14893,5.53073973802293,5393.33333333333,0
