length,width,depth,ratio,circularity,volume,crease_depth,surface_area,crease_volume,x,y,z
5.16,1.26675206518154,1.06451488486412,4.07340958174045,0.993533623426061,4.310444654592,0.0794433970404925,21.7864465066667,0,251.022741009368,401.537624660018,603.266016923542
4.2656,1.35325815261367,0.927590900487554,3.15209628832568,0.887566804888547,3.105825828864,0.178955912983349,15.4751931733333,0,297.719828038167,83.456537695292,634.536961308588
4.6096,2.31795050552282,1.30957778593801,1.98865333363116,0.547570910592222,6.449058287616,0.60881579812731,34.9769659733333,0.000325660672,288.538049790436,96.6481341210928,687.382315810736
5.504,1.5468900673961,1.09685827844368,3.55810675626416,0.932685298451469,5.228807749632,0.0794433970404925,27.0689655466667,0,250.212319382162,376.827914798206,704.623193821624
7.568,2.05658642684122,1.05685983809436,3.67988424956395,0.543005173955461,6.791327653888,0.527391556670355,32.9573649066667,0,130.669511844251,222.347415363959,728.379303730699
5.0912,1.82459082003156,0.927843515676028,2.79032424371834,0.628333948457538,3.867546140672,0.388345154889514,20.6504209066667,0,294.615442910071,145.386072751768,794.902829235433
4.472,1.66776953470042,1.21662184075512,2.68142564482286,0.845884257911922,3.231530848256,0.239414261552852,16.3524573866667,0,117.409049682556,240.922301723269,812.92814672982
