length,width,depth,ratio,circularity,volume,crease_depth,surface_area,crease_volume,x,y,z
9.0128,2.23073880010199,1.27319302271008,4.04027580440521,0.640307908279826,8.440473296896,0.430285935738369,39.2370619733333,0,295.193201111283,62.4521531100478,443.20246179966
5.848,1.81583444143996,1.08738317484801,3.2205579245223,0.700552202263927,5.415411314688,0.317722405952299,28.2049911466667,0,181.712730771544,159.175717120693,451.592398821336
6.1232,1.13065932217591,0.766663136178474,5.41560121594905,0.993295384490895,4.736408813568,0.0981353203663661,24.0711202133333,0,104.11428964379,295.434878283592,433.125911153899
