length,width,depth,volume,crease_depth,surface_area,crease_volume
80,15.5117834816648,12.2843159103975,11041,1.15470053837925,4160,0
