length,width,depth,ratio,circularity,volume,crease_depth,surface_area,crease_volume,x,y,z
9.2192,1.73475905410897,0.995803608851602,5.31439797253879,0.602021542348684,8.160079458304,0.495061846343785,41.4144443733333,0,281.257572734166,383.24240731133,529.079897832941
4.0592,1.7455552048232,0.980375054388367,2.32544922600208,0.701114311951919,3.282333913088,0.336373491823423,15.94222592,0,225.649171544796,151.68270661772,620.987300327413
