length,width,depth,volume,crease_depth,surface_area,crease_volume
12,436.195722864864,435.761813471845,1377261,1.42638547044137,213797.333333333,0
