length,width,depth,volume,crease_depth,surface_area,crease_volume
87,33.9770119614857,16.5992076011978,19728,9.07269288211334,6538.66666666667,0.571428571428571
