length,width,depth,ratio,circularity,volume,crease_depth,surface_area,crease_volume,x,y,z
4.884,1.42313767867147,0.693865588001189,3.43185348346571,0.480193068878814,1.863226435584,0.376887155955808,13.9741678933333,8.79911803543334e-06,301.259913979093,228.793591581643,219.811157663238
4.0848,1.64731308239794,0.757436740692018,2.4796743519173,0.44787331177103,1.707153601536,0.37276353729802,12.74637568,8.82030716751269e-06,317.533953149212,301.585604472397,271.042445234406
4.4696,1.49041180456622,0.879379858413807,2.9989027101814,0.49578896699383,2.31087900928,0.451641489737935,16.5792836266667,2.5934336e-05,295.287458616239,360.632422422984,316.536041748499
4.884,1.4265384650854,0.796182789146131,3.42367214031458,0.521096448166303,2.341585263104,0.417790493078727,15.6949461333333,1.2969000815265e-05,319.720696873373,287.734807119361,359.092436509431
4.1736,1.37275299796826,0.844637356287197,3.04031388470988,0.525275159142742,2.075706450432,0.424049115252525,15.66924544,8.67839581374015e-06,293.192473481015,342.802403888202,425.933018478953
4.7064,1.35890939540845,0.843911548476545,3.46336556057543,0.504072196194955,2.186549802496,0.449882229757659,15.7241514666667,1.31443256263736e-05,224.958652591626,168.048807970585,623.565994543945
4.6768,1.40546490177106,0.751984940639673,3.32758220721602,0.495329151830078,2.017120785408,0.419035221925345,15.0968209066667,1.30625816398038e-05,232.514644243874,242.976407210265,701.064478387205
