length,width,depth,ratio,circularity,volume,crease_depth,surface_area,crease_volume,x,y,z
7.1552,1.72266705928769,1.28225903370254,4.15355942485985,0.798061794208296,8.1496583168,0.25610785151434,35.974144,0,303.692867132867,158.594365634366,421.791968031968
8.1872,2.03951680833222,1.21575624550518,4.01428415130098,0.511054226014801,9.752234483712,0.550370299793095,45.1065275733333,0,288.457156214519,375.086722767648,435.749649368864
5.9856,1.57651465327441,1.26635623245954,3.79672969583121,0.778372097144592,5.805552799744,0.232599473588285,28.83611648,0,176.280585628541,304.908846132271,416.612778369888
4.0592,1.53021646408357,0.834707463250127,2.65269659245955,0.825404044991485,2.998032146432,0.17229702748165,16.8447351466667,0,178.901368672605,304.089289593743,458.83728003476
