length,width,depth,ratio,circularity,volume,crease_depth,surface_area,crease_volume,x,y,z
6.192,1.59589046682609,1.21132903159634,3.87996552941046,0.71627109250712,6.474459820032,0.317722405952299,33.9166754133333,0,340.434786982546,186.535536441829,321.139832000402
3.3712,1.6005280897788,1.20965511438432,2.10630480122715,0.773453801576957,2.875909394432,0.274701082278407,14.35179008,0,342.126146529272,189.60582040539,387.071566074057
5.0224,1.23037604584753,0.801605629891006,4.08200404823419,0.91323854962014,3.647725187072,0.152122523717634,18.5235285333333,0,177.325506651192,368.021515936077,433.747343987144
8.6,1.9357360266339,0.937485456438875,4.4427545293739,0.58926545858921,8.3287716864,0.502347310673028,39.55262464,0,312.577216377928,375.244573931407,433.081498572602
6.6048,1.97730171204411,1.21613657595155,3.34030965520788,0.52442158434861,5.976850313216,0.502737092196945,29.0633216,0,342.328447665232,188.119163079606,420.559091156759
