length,width,depth,volume,crease_depth,surface_area,crease_volume
57,18.9317806293189,15.2324099509939,8193,1.15470053837925,2634.66666666667,0
