length,width,depth,ratio,circularity,volume,crease_depth,surface_area,crease_volume,x,y,z
5.848,1.1720115594448,0.818916980644474,4.98971187858445,0.984307876853569,4.04796215296,0.100360599252424,22.0704529066667,0,328.996460176991,382.285116653258,382.70852775543
3.2336,1.02831069060315,0.768678001624997,3.14457491257176,1.04404883314383,2.401421795328,0.0794433970404925,12.0355601066667,0,299.277868185517,103.794005966911,463.411174396528
