length,width,depth,volume,crease_depth,surface_area,crease_volume
14,436.179848467366,435.689865069829,1729514,1.15470053837925,221950.666666667,0
