length,width,depth,volume,crease_depth,surface_area,crease_volume
88,17.6586197428557,17.3213072040589,12584,1.42638547044137,4921.33333333333,0
