length,width,depth,ratio,circularity,volume,crease_depth,surface_area,crease_volume,x,y,z
4.5288,1.37026251345057,0.874830427596726,3.30506012938766,0.549782181352045,2.3295517312,0.449003302270816,16.1482129066667,6.5478196056521e-06,273.022978524431,191.797312492346,196.297095398729
4.8248,1.35182242979064,0.789593438246318,3.56910781599269,0.534448872381769,2.234865470464,0.423990161379509,14.7218244266667,8.75871025898892e-06,260.858303448116,258.419495607163,244.759676427237
4.144,1.34665832138006,0.855383177835819,3.07724679245528,0.509832848283946,2.019428941312,0.490611844162278,15.4881723733333,8.72795398191378e-06,276.723123354524,211.273845758685,308.318975149297
4.2624,1.35310484152627,0.738803918591264,3.15008849956676,0.506231856588411,1.803525594112,0.414990226750853,12.87604736,6.53162834234902e-06,267.174760213399,277.30514372816,347.41116751269
1.8352,0.992013159787728,0.87046154583883,1.84997545838273,0.885059809565305,0.70878540288,0.0595319095747247,5.46840661333333,2.5934336e-05,265.114158995192,266.934627855838,458.724236890164
