length,width,depth,ratio,circularity,volume,crease_depth,surface_area,crease_volume,x,y,z
1.1696,30.0055015434146,29.9823386510664,0.0389795184162385,0.897315371884647,599.780332085248,0.0981353203663661,1043.58467242667,0,258.703300409802,256.420109334731,1453.31874685995
