length,width,depth,volume,crease_depth,surface_area,crease_volume
17,436.126475921723,435.789805974802,1841734,1.42638547044137,220470.666666667,0
