length,width,depth,ratio,circularity,volume,crease_depth,surface_area,crease_volume,x,y,z
4.44,0.98760484320759,0.517488446370284,4.49572521898491,0.672636133599112,1.231829091328,0.125032584759476,9.74990848,1.9864597787234e-05,256.623373615731,331.406438165818,169.415975409491
4.4696,1.41008958544984,0.812121961319988,3.16972768689313,0.502408851404477,2.057344940544,0.40031770557625,15.37485568,1.29695967634388e-05,218.233811090522,358.705946123108,223.078319404001
5.032,1.28505190040984,0.652240832439814,3.91579515068235,0.606187780771091,2.064865897984,0.243161642523783,14.1015031466667,3.29472448586221e-06,277.349640161268,324.918386314824,268.70535927354
5.1208,1.40127214087915,0.82596080226571,3.65439364032973,0.537022673554013,2.560652599296,0.379654026924578,16.5325550933333,2.5934336e-05,301.178324015557,320.361225895317,371.831277345649
4.8248,1.51713881679644,0.877649445589215,3.18019679318993,0.491913084384509,2.641619596288,0.432909787590302,17.4449297066667,2.5934336e-05,315.824314241395,314.885468004477,476.535225510024
4.4696,1.46383733404673,0.782282043406506,3.05334472351784,0.504742468386739,2.17550177536,0.394203030747508,16.03723264,8.64846199801165e-06,327.375526017762,320.84897180664,577.406568516421
1.2432,4.8880224470145,0.563384056784973,0.254335984230048,0.226912195711935,1.84704340992,0.242209812441329,16.6458717866667,5.90273022760291e-06,327.939109182083,242.609385754217,932.508462910679
