length,width,depth,ratio,circularity,volume,crease_depth,surface_area,crease_volume,x,y,z
4.884,1.46463766252714,0.789714806823309,3.33461314354907,0.548508986226224,2.57242678784,0.351694521099069,16.90638336,1.2976035955548e-05,225.973888496824,326.350196592398,287.986772860167
5.032,1.32990588871905,0.707536554041716,3.78372638446377,0.565924223505529,2.290235277824,0.2993939415641,14.7393476266667,1.2974345399262e-05,232.976185892718,262.541190592125,341.67902478796
4.7952,1.43215097238308,0.883152538470369,3.34825035381629,0.533828789491388,2.594263498752,0.40868647387859,18.02436352,2.5934336e-05,238.210332693538,318.348348528471,409.252509197057
4.588,1.48407123352004,0.89240355217021,3.0914958098863,0.46570818924716,2.35444869376,0.464862626076457,18.19609088,1.29686322240289e-05,243.44335517982,300.379181582861,520.165159442639
4.6472,1.25705303337291,0.71050324267051,3.69690050986208,0.488210330142801,1.566407960064,0.361810064969777,11.79661824,8.77731483811408e-06,247.607046474279,220.894352555506,572.244871603835
3.848,1.3542970456664,0.716212073864226,2.84132643744086,0.466348024118743,1.332013431296,0.413164756601346,11.6996565333333,1.29947409574727e-05,231.631588170012,286.471388796947,731.768715562392
4.3808,1.34252699136703,0.691763459417449,3.2631001299566,0.517290368035656,1.72735644928,0.359381581618106,12.8293188266667,2.5934336e-05,304.307244200886,148.685759327378,747.089783049321
