length,width,depth,ratio,circularity,volume,crease_depth,surface_area,crease_volume,x,y,z
3.848,1.25786468124882,0.711633737305815,3.05915259197808,0.513362820116323,1.562906824704,0.378430396667284,11.59334912,2.5934336e-05,305.412186379928,183.31400172574,424.253716978627
4.144,1.5206401295038,0.605380119479299,2.72516811808211,0.472322582185444,1.610963149312,0.316476265256773,13.6143581866667,1.30408739725598e-05,227.495355538741,383.539932707632,621.556594813014
1.8352,0.918355118005645,0.611348224687452,1.99835549888961,0.820293451468008,0.734538198528,0.139140189849747,6.31302485333333,2.5934336e-05,245.262067990671,325.865856244258,745.17849317973
0.7992,3.20834481755932,0.495008655487297,0.249100407046638,0.311147899900176,0.691383463424,0.164495465002154,7.56768597333333,0,283.032497748424,222.317697388172,1044.37751425998
