length,width,depth,ratio,circularity,volume,crease_depth,surface_area,crease_volume,x,y,z
5.1208,1.36997368103828,0.737631106770117,3.7378820271343,0.570963143168568,2.17057425152,0.316205527230888,14.14472704,1.29736874409251e-05,272.125634745206,336.84729075811,219.639643945277
5.0616,1.42594888996779,0.719797940895028,3.5496363408329,0.595259665661322,2.309011737088,0.295357567557954,14.47766784,2.5934336e-05,259.629485696315,313.621994092078,310.15661608617
4.9136,1.4594196007458,0.842862151464905,3.36681787574253,0.569804187774199,2.59771276544,0.356390815775019,17.4799761066667,1.29737492052106e-05,260.673182712179,372.642233159949,362.211335523097
5.2096,1.42530283112065,0.775028884186378,3.65508289624593,0.56452266343737,2.568225425408,0.36133171246526,16.30708992,2.5934336e-05,248.892777800218,297.337217756594,405.795764834188
5.1208,1.46220587088747,0.733667043888717,3.50210603168485,0.58774385995011,2.470245504,0.271216801724214,15.95312128,6.5312009400616e-06,249.549139623513,282.636038173629,508.360098268748
4.3512,1.43065814831107,0.794721427798333,3.04139741917852,0.590597483207232,2.322238248448,0.29900864188513,16.3234449066667,2.5934336e-05,248.497492824676,346.660587650626,569.025563137264
3.0488,1.98548393756366,0.630289554518234,1.53554503379217,0.491979768508529,1.825310436352,0.238623777156996,13.7218338133333,1.29788291223022e-05,284.255235713677,155.676039328237,874.262282970078
