length,width,depth,ratio,circularity,volume,crease_depth,surface_area,crease_volume,x,y,z
4.2624,1.22779946747587,0.595818348488168,3.47157668080986,0.53343334514819,1.48876055808,0.280757752173947,11.8468514133333,6.50057452410901e-06,248.589460848358,236.929884156432,176.651685393258
4.8544,1.24979994993077,0.598756604497252,3.88414161823969,0.548296152788718,1.698673073664,0.25956398658194,12.3141367466667,2.63685232092724e-06,264.527183621124,292.548634330295,221.035008168064
4.7064,1.35945771351993,0.745969432546643,3.46196866088179,0.54151529092309,2.093445536256,0.371093785292478,14.97532672,8.64861397219757e-06,249.498079734384,244.530823360341,277.827535370054
4.6176,1.11663050876828,0.582713621787533,4.13529808091445,0.623072306824378,1.6572040704,0.220738812878176,12.3071274666667,2.27298059770115e-06,267.556917057903,313.381909233177,323.001330203443
4.884,1.36098763059462,0.721868253813759,3.58857045443254,0.575364489423915,2.29687446784,0.311406698759507,15.9788219733333,8.65294181932641e-06,248.617354485406,252.628837576921,379.91721334613
5.032,1.30276356758902,0.685154545876017,3.86255812273945,0.571525492319238,2.20078775296,0.331915037486346,14.5500970666667,8.65166693652058e-06,270.056516615602,328.911206693377,428.43598868725
5.032,1.28322172722946,0.709075364091856,3.92137998696791,0.559840692094425,2.251411576832,0.326121199862441,16.2428381866667,1.29698192304232e-05,259.837338156015,262.678293323504,482.420057134958
4.7656,1.23993090705876,0.679228511896314,3.84343996336415,0.543104824723368,1.889627589632,0.345943942901727,13.7008059733333,2.5934336e-05,277.38835058055,335.497255084955,533.841343910406
