length,width,depth,volume,crease_depth,surface_area,crease_volume
90,23.717234526937,12.438460365182,14330,5.03322295684717,4992,0
92,27.9104541114562,16.3217109463292,19196,5.78707886799339,5478.66666666667,0
