length,width,depth,ratio,circularity,volume,crease_depth,surface_area,crease_volume,x,y,z
6.192,1.63174573545326,0.85576607312452,3.79470886025021,0.644191507473874,4.66671742976,0.346285739431085,23.62933248,0,224.610537334264,353.397208653175,671.955198883461
6.3296,1.92023924286819,1.12293371310745,3.29625593451872,0.705955594912004,6.251382259712,0.398151026117945,25.9329399466667,0,233.453626511046,363.924968736974,707.958159649854
