length,width,depth,volume,crease_depth,surface_area,crease_volume
144,41.4797117390498,20.1289982597354,57405,9.48505919506579,13521.3333333333,0.250655136268344
164,42.222971281445,20.2282636654477,65499,8.76905360074121,14054.6666666667,0.101674179008371
159,45.9276254567543,25.2016700184677,80721,12.5369522058269,17092,0.333481218574386
156,37.7240036746041,19.6862710063356,63900,7.4573923269654,14046.6666666667,0.0876436781609195
165,45.9793118444128,24.3874410072216,88565,10.5204965797131,18237.3333333333,0.333648095687756
170,44.0122826888182,23.1471130363519,84860,11.2133458610252,16606.6666666667,0.333598937583001
170,43.3520853793736,23.955248786887,86812,11.0176081034608,18538.6666666667,0.500102228583112
161,41.889557670904,22.9469091856863,72862,11.6872953683016,15637.3333333333,1
