length,width,depth,ratio,circularity,volume,crease_depth,surface_area,crease_volume,x,y,z
4.472,2.22585716056854,1.03950905052588,2.0091136480913,0.599421295924859,3.991297196032,0.421260386653684,21.5907976533333,0,140.167360261118,229.299388004896,1247.43753569971
3.9904,2.310964042075,1.21744153914935,1.72672526588386,0.642113158809208,4.92887427072,0.360421737902921,24.8032256,0,376.038458996894,282.574836450142,1376.1901143197
