length,width,depth,volume,crease_depth,surface_area,crease_volume
65,32.3525750082637,15.1091431762483,12256,6.1229707362454,4561.33333333333,0
58,33.589593634811,17.6953712085661,15135,5.23868805091455,5240,0
