length,width,depth,ratio,circularity,volume,crease_depth,surface_area,crease_volume,x,y,z
1.3072,30.0546757940808,29.9660005848148,0.0434940642499778,0.89726670586175,760.040879722496,0.0981353203663661,1247.67798272,0,262.231605767964,255.852370473492,1451.67250428103
