length,width,depth,volume,crease_depth,surface_area,crease_volume
19,436.84121793722,435.552334081611,2333843,1.42638547044137,263588,0
