length,width,depth,ratio,circularity,volume,crease_depth,surface_area,crease_volume,x,y,z
4.2032,1.27691158332717,0.609257170081122,3.29169227915373,0.530680100747623,1.653158313984,0.265041677330834,13.60501248,8.65776717292695e-06,163.28641127008,196.279430220884,321.193257404618
4.6472,1.42843808664375,0.708935423580776,3.25334366498098,0.449785189036805,1.78895049728,0.407488404111462,14.0793070933333,8.71750458243386e-06,183.030719049,255.910263844593,367.309350536387
4.3808,1.42153007838687,0.818942265795462,3.08174977554556,0.474564363705885,1.972124712448,0.466916861288986,15.4928452266667,6.51708512297623e-06,178.574872111831,195.444117144247,422.478637086911
4.7656,1.31415837199674,0.7699582043243,3.62635136034565,0.465592603946688,1.905629074944,0.445360938558579,14.56878848,1.30661666105102e-05,197.982280651615,265.891628900774,462.584112467508
3.6408,1.18557587400117,0.796256489971735,3.07091269301284,0.440747345319278,1.323481034752,0.460690612959185,12.2884360533333,6.01698880343717e-06,310.846272926791,364.615907665778,482.140304122903
4.3512,1.40520440677551,0.861561511743471,3.0964890083035,0.450789309865404,2.019558612992,0.474189952694603,16.2276514133333,8.79686362706454e-06,191.938167762482,199.405819806863,515.694768337785
4.6472,1.33910396952128,0.749308892265964,3.47038027350583,0.469276448687612,1.82461020928,0.427922261209611,14.1470634666667,8.73710024660785e-06,213.997484187336,276.933267003056,551.521938739251
4.0848,1.32078705179246,0.770417770115706,3.09270142711989,0.475015395871831,1.64475558912,0.414154403423015,14.27790336,1.29732692396487e-05,210.232263660017,215.384498935583,612.201056532366
3.2856,1.84840338752676,0.722620882466865,1.77753407193019,0.393332287339803,1.483547756544,0.436004339113884,13.81879552,4.85370195832537e-06,319.736198035034,323.754064543198,866.041169889165
