length,width,depth,ratio,circularity,volume,crease_depth,surface_area,crease_volume,x,y,z
4.292,1.34408380844585,0.643758063035755,3.19325325774351,0.527815987886663,1.602508555776,0.316768666342932,12.72534784,2.5934336e-05,256.763408318498,322.339391487296,183.14021686357
4.588,1.40163132599392,0.655828710352369,3.27332866704201,0.507443533933776,1.763353307648,0.358259596936305,12.8246459733333,2.5934336e-05,263.114982424661,272.185283779213,237.231494418543
4.588,1.42359854686531,0.813533871589461,3.22281868726442,0.524049070229036,2.044688984576,0.421091708983664,15.70429184,6.49629307599518e-06,265.119760023338,327.463109295925,299.878844763511
5.2688,1.45274670317168,0.691625530633342,3.62678503313552,0.515071957327782,2.184397252608,0.354278372412485,15.0430830933333,8.69104866845079e-06,272.034703424039,253.684012442418,332.878923873296
4.9136,1.3207604355769,0.682577697182018,3.72028103480686,0.602043843850847,2.08745470464,0.278468074950194,13.2148292266667,2.5934336e-05,280.118287986085,233.761771648652,436.001565411852
4.4992,1.43658954019693,0.827958849649819,3.13186186736626,0.538022793310234,2.221120272384,0.421040375661493,16.5290504533333,1.29693680624364e-05,278.450918347092,288.786602524433,500.441156895485
4.8544,1.4625237789888,0.684520749600318,3.31919389601745,0.54802976058833,2.217619137024,0.329575552739643,14.97883136,8.77917925630198e-06,290.582570255763,212.23260709399,538.17515115368
4.2032,1.39633912793655,0.879975859063291,3.01015699976217,0.53866752125037,2.149489636352,0.448257925312643,16.3549866666667,8.75427554654845e-06,286.745804225335,263.450368600765,605.771069364511
4.292,1.28906195710356,0.595661782590602,3.32955291741279,0.533054793634038,1.38580124416,0.285709359110578,10.8772343466667,8.69798821939543e-06,305.140020585758,191.738392439412,662.142752877328
