length,width,depth,ratio,circularity,volume,crease_depth,surface_area,crease_volume,x,y,z
4.2328,1.28805463321601,0.812700943245536,3.28619601284423,0.472075404953153,1.84159719936,0.463296596685453,14.5851434666667,2.5934336e-05,266.761484297986,355.63261512463,161.578242501056
4.6768,1.32826785746706,0.754295410582355,3.52097656636698,0.470483268532304,1.925027958272,0.416429705515288,13.8631876266667,8.73508838194731e-06,259.693692237221,289.563144989626,207.314472017891
4.1736,1.28378883672952,0.848096684517105,3.25100194096743,0.496440051793141,1.899716046336,0.463623908169162,14.98584064,1.29709457619811e-05,262.834200215697,336.100298972028,277.367899414342
4.4992,1.2149483514055,0.735174727103692,3.70320268741889,0.499193955248038,1.74239836416,0.417375563044578,12.4940416,2.5934336e-05,256.05761702761,265.777554513656,324.033236585547
4.0848,1.16181068382515,0.725341380551088,3.51589123500843,0.486297854758438,1.363290240512,0.402362589233689,12.6389000533333,2.5934336e-05,266.522133657998,311.331729031522,390.60623585139
1.628,0.856572891532428,0.737166021554035,1.90059715418669,0.907139900884695,0.59558202624,0.0565715285624874,4.55369557333333,2.1476872e-05,245.611469755925,255.055447470817,547.503935267068
4.3808,1.21008221547281,0.683609663730118,3.62024988383812,0.49928170672147,1.604064615936,0.354370872377681,12.09801728,1.30867061085271e-05,254.888005044381,188.018479895232,580.567913210781
1.5688,0.914143530491042,0.808116270185253,1.71614188327439,0.884263473120742,0.6010282368,0.0807412595245095,5.37611776,2.5934336e-05,243.834023821854,280.602408078716,658.455334023822
1.3616,0.858513772304445,0.743864950177368,1.58599668860892,0.900529377550171,0.482482386944,0.0456871191515441,4.19855872,0,231.77371251178,241.00133045069,782.753090526082
