length,width,depth,ratio,circularity,volume,crease_depth,surface_area,crease_volume,x,y,z
7.1552,1.85469966865138,1.01944315954384,3.85787527810516,0.72311694148194,6.997145198592,0.25537479210847,32.3514845866667,0,180.797356418133,369.576096062552,1354.36367867449
4.0592,1.32847548882273,0.951144083617511,3.05553247625004,0.916509821974302,2.732618698752,0.137798903908448,14.12458496,0,213.833392920987,175.618281492075,1335.27922774401
4.7472,1.05550740829108,0.991590326335031,4.49755251617413,1.03539997023096,3.145556430848,0.0794433970404925,15.9169809066667,0,336.513510715395,192.893467232633,1361.75618594057
