length,width,depth,ratio,circularity,volume,crease_depth,surface_area,crease_volume,x,y,z
2.1328,1.44452889557637,1.15075247563005,1.47646752275524,1.00174897297573,1.813278621696,0.0794433970404925,7.97111296,0,285.462643678161,357.13900862069,465.086925287356
0.8944,30.0028479732158,29.9743907993983,0.029810503349497,0.896695776821661,529.871732609024,0.0981353203663661,1020.73793536,0.000193361024,257.890002083527,256.791166707333,1454.04184692655
