length,width,depth,volume,crease_depth,surface_area,crease_volume
31,20.9960595287263,16.7260534248553,5568,1.15470053837925,1684,0
13,436.087906587439,435.674284874975,1627067,1.42638547044137,215644,0.59375
