length,width,depth,ratio,circularity,volume,crease_depth,surface_area,crease_volume,x,y,z
0.2064,5.67384950553855,2.08468935698374,0.0363774188579591,0.549136275774451,0.610939420672,0.455886541181419,12.60988416,0.000325660672,110.276652452026,256.641791044776,22
0.2064,5.50284774733175,2.17354348150175,0.0375078522025401,0.540662986256415,0.608334135296,0.575990407715922,12.5593941333333,0.000325660672,109.853854389722,255.731263383298,26
0.2064,5.33929581439462,2.14224951767746,0.0386567830618319,0.557333417132982,0.583258263552,0.531272243340709,12.0481826133333,0.000325660672,109.58179787828,255.345058626466,30
0.7568,29.9934615363963,29.9694756621357,0.0252321659866315,0.897296903990409,408.354383798272,0.0981353203663661,1023.95036330667,0,255.078087952525,257.588549471601,1447.27582362282
