length,width,depth,ratio,circularity,volume,crease_depth,surface_area,crease_volume,x,y,z
0.7568,3.95532190250761,1.22911031329942,0.191337144903478,0.471092583081412,4.500304826368,0.134606432524814,41.71107328,6.16363418757062e-05,131.955348096685,497.799174989145,35.4929801707917
0.7568,31.0730388005673,25.3239505967207,0.0243555194217497,0.842263056307547,378.155869683712,0.475197992142007,1106.43844437333,6.58521324843537e-05,282.441197544558,253.667901334509,35.9177463192488
0.7568,14.5131227589875,7.47913757907506,0.0521459104679136,0.351767777331099,26.73022795776,2.32578202956511,98.0074530133333,8.48225053561326e-05,446.471083647178,469.359233122479,35.9334649652029
0.7568,13.789292381941,6.69257098182005,0.0548831643450491,0.315122974610252,23.152519815168,1.94437498713401,88.2628778666666,4.32766950669676e-05,452.777726198515,44.0493050866532,36.2542341886113
0.4128,6.40171697744842,2.76097993866746,0.064482700727662,0.460393400800719,1.9702470656,0.341002639935525,17.74093312,0,120.43652892562,15.6137190082645,33.9330578512397
0.4816,12.856106910448,3.25758436006288,0.0374607961301728,0.341940083360983,6.670833205248,0.750697595473918,53.6077858133333,3.8411258748718e-05,19.753270845538,437.37277875415,35.9318004296036
0.4128,6.90556761476513,3.5773804260249,0.0597778521663262,0.730068907604025,4.165525655552,0.0794433970404924,33.5380002133333,0.000205932483764706,21.8153389101712,43.8485653975452,36.7003361738723
0.4128,6.73993652377498,2.59376125084396,0.061246867614236,0.448797284064475,2.510518120448,0.342231538940443,18.1827208533333,0.000325660672,13.8924633545207,123.252821377611,36.5720586327669
0.2752,2.51624358533451,0.925864656453505,0.109369379659408,0.576981933348766,0.5617646592,0.0977740915370677,10.0412040533333,0,133.178550724638,11.7402898550725,39.8040579710145
