length,width,depth,volume,crease_depth,surface_area,crease_volume
10,435.860967064365,435.479814646744,1219544,1.15470053837925,213526.666666667,0
