length,width,depth,ratio,circularity,volume,crease_depth,surface_area,crease_volume,x,y,z
14.3792,2.7110639765787,1.23994697286143,5.30389549056168,0.453798014153636,15.378348253184,0.747168054050361,77.77988608,0,316.913980771674,357.128795900216,1312.31243911736
3.9216,1.52274613469995,1.23818806949795,2.57534720373644,0.74978893156329,3.99585644544,0.294450873331222,19.3566139733333,0,189.326079869601,334.852322738386,1378.22159739201
