length,width,depth,ratio,circularity,volume,crease_depth,surface_area,crease_volume,x,y,z
4.9136,1.50890729023913,0.653558234283291,3.2563962224752,0.49452006313076,2.111884849152,0.325492940102253,15.39588352,6.66532980377818e-06,328.892879948914,144.223511641615,286.214178701248
5.2688,1.47003882226264,0.67444304507776,3.58412303145193,0.486731072489316,2.217982217728,0.358149561055728,16.0103637333333,2.5934336e-05,338.597558551501,165.872548904973,401.329548776353
4.0552,1.35292961119027,0.587892478036424,2.99734736120702,0.54620335016682,1.41004984832,0.262171379491673,10.8106461866667,1.30095790155356e-05,308.80297958433,410.945558212249,394.585892955674
4.8544,1.38984057592547,0.636034248033914,3.49277469954967,0.56087004987449,1.985895844864,0.257123760747498,13.1926331733333,8.65806810351012e-06,275.860629725883,373.826231178092,452.289984720463
4.9432,1.45924626034126,0.729608909464012,3.38750225670887,0.507715063063782,2.29661512448,0.344727885240409,17.4414250666667,5.21032932337075e-06,291.115035853424,141.988865676698,468.7338603128
5.2688,1.40963295781676,0.694205589793833,3.73771056556475,0.531439002750158,2.216270551552,0.300806854550609,14.7393476266667,8.68941991978656e-06,266.436266192354,334.631931848766,561.937266695531
5.3872,1.45124703018959,0.661499642259426,3.71211784619205,0.508013572332173,2.22114620672,0.297782977814652,15.5606016,6.4918565154705e-06,255.944048105552,292.103263471306,664.048093875883
3.7296,1.50451919706042,0.935186550370713,2.47893148009479,0.51821241318982,2.299390098432,0.421235922395392,18.0021674666667,2.5934336e-05,288.656730053461,321.11508876407,747.918803997203
