length,width,depth,ratio,circularity,volume,crease_depth,surface_area,crease_volume,x,y,z
4.736,1.23369089814264,0.726824466464774,3.83888703980082,0.656723505757135,2.25135970816,0.285715424788922,12.87254272,1.30037639586077e-05,190.260407787121,292.471385785048,154.176961179588
4.8544,1.30962503065502,0.663868098693734,3.70670984928567,0.58945733221364,2.120598786048,0.296476682591637,13.0921668266667,8.72524199340702e-06,245.855493591625,188.198011447021,231.863614127776
5.0912,1.26474602415734,0.719336077009182,4.02547223138503,0.643406716940318,2.327943802368,0.288237173887156,13.3269777066667,8.66400352656289e-06,216.177088555418,245.76958212181,255.56091039738
4.0256,1.29535012723603,0.887326681295354,3.10773119588113,0.592709132275932,2.163857258496,0.398769435867328,14.6295355733333,2.5934336e-05,192.492832829953,276.104103744187,328.935771129968
5.0912,1.21595217496096,0.742410683617864,4.18700677941009,0.560208153007907,2.223324690944,0.377067868860503,13.6856192,2.5934336e-05,247.765178644333,231.73163107,361.867571066967
4.6768,1.4090476687637,0.676512080847579,3.3191212076618,0.545248967445635,2.079778141184,0.350865834572688,14.8328046933333,2.5934336e-05,240.331870214729,121.302628625583,500.88461730304
3.4632,1.9137155527582,0.77907626654427,1.80967333155053,0.508871634802767,2.307585348608,0.390895427205467,16.6341896533333,6.4887288849389e-06,225.727280900897,333.238362291802,637.341455191171
1.8352,0.737877957847229,0.58091713320389,2.48713216119672,0.936821604600314,0.577038976,0.0521853951441471,6.47657472,0,222.738369477189,184.857239269324,780.117924952758
