length,width,depth,ratio,circularity,volume,crease_depth,surface_area,crease_volume,x,y,z
4.9536,1.36679996809262,0.842038205421212,3.62423186687133,0.916811241808121,3.403479683072,0.119920046281333,15.3237230933333,0,199.150703281983,130.24820591331,1272.43412113673
6.4672,1.41903556880867,1.15021243522376,4.55746151974856,0.84178473687997,6.636638834688,0.234647270365787,31.1018564266667,0,207.496197065607,130.209038716326,1315.69453849551
6.536,1.91734843999834,1.27703447187863,3.40887439322487,0.443621624431298,7.256696754176,0.498204746910983,33.8220066133333,0,312.248261006148,300.032176995916,1354.78651887089
4.7472,1.43938051618004,0.915072397666639,3.29808549347227,0.863261541506193,3.755518869504,0.21208403737397,15.8160008533333,0,179.467741935484,286.467568505029,1339.79032258065
4.1968,1.38002294797476,1.02393558883535,3.04110884979049,0.862572287098571,3.313271676928,0.210187471875308,15.6645307733333,0,171.20670336151,299.213190485551,1371.42736386868
