length,width,depth,ratio,circularity,volume,crease_depth,surface_area,crease_volume,x,y,z
3.7152,1.5319928878103,0.945187619009777,2.42507653237881,0.832318678134811,3.112339042304,0.213178622481352,15.9296034133333,0,300.207177984723,324.495343727111,448.060688500576
6.3984,1.56924753993066,1.16658271585437,4.07736818901288,0.781442139036935,5.890550235136,0.244417759691184,30.3066385066667,0,231.016032728881,345.568222025652,543.522888102609
3.3712,1.11838252504473,0.74363732372748,3.0143532507942,0.982355902117141,2.432359559168,0.10722667747069,12.3006327466667,0,132.647342348373,228.005623242737,617.056767974294
3.5088,1.53383721604937,0.947128934664979,2.28759607817931,0.818948065498409,2.792865923072,0.266814309260347,12.7929105066667,0,243.164179104478,136.816697761194,633.34130130597
