length,width,depth,volume,crease_depth,surface_area,crease_volume
70,19.7329919163085,12.5043500541623,10785,2.04757776335481,3673.33333333333,0
