length,width,depth,ratio,circularity,volume,crease_depth,surface_area,crease_volume,x,y,z
9.7008,1.58237048167069,1.03588008212568,6.13054914280108,0.663540342620836,9.387820191744,0.373830417371809,41.0736366933333,0,159.270970651495,317.143932560883,495.73173523902
5.504,1.65670163122462,1.11061273773988,3.32226388642563,0.627480735935668,5.323249344512,0.392793311734778,27.2646144,0,388.419394310187,283.167635362496,492.397369226063
6.7424,1.93783011241318,1.11360720708762,3.47935557240551,0.493383115572249,6.483578318848,0.464196583578447,29.8900957866667,0,283.497563915817,361.759957808027,518.609874930936
0.2752,3.97766189077544,3.02026460239147,0.0691863731902941,0.653159933258108,51.785583079424,0.450903061399089,671.719314773333,6.46387091393939e-05,214.948841947716,242.176654068433,1467.6436481634
