length,width,depth,volume,crease_depth,surface_area,crease_volume
163,47.6081159335468,22.1357541594516,72082,8.30746858300583,14929.3333333333,0.104323308270677
175,49.2620759127884,19.28343951608,76573,6.31370847440815,15153.3333333333,0.202568218298555
162,48.196304037069,25.296973677155,86357,10.9247354419109,18608,0.100652667423382
180,48.2085543245508,19.8711895562097,79054,6.76841393327967,15309.3333333333,0.25238922675934
166,48.5610618760733,23.6520530664755,84887,9.91840250937804,17832,0.334991020859235
126,26.90201788855,15.1361754186665,47125,1.60069203541257,10160,1
