length,width,depth,ratio,circularity,volume,crease_depth,surface_area,crease_volume,x,y,z
4.3216,1.41016459788709,0.651778085278401,3.06460678879278,0.49970473283268,1.650383340032,0.319455634394729,12.4741819733333,2.5934336e-05,199.02533117526,340.176501092132,197.31890252526
4.292,1.37623046519444,0.750886898252314,3.1186637038976,0.510585861036216,1.950962294272,0.358021248682255,13.8129544533333,1.2972675397749e-05,153.408324138939,313.436518803089,254.869062969413
4.4992,1.39685135996587,0.728766384777972,3.22095831306627,0.500212503330897,2.028609696256,0.375010783722812,14.4402850133333,8.65285186303076e-06,199.195126628399,353.854259086435,314.186893545212
4.44,1.43011996420963,0.777393631723379,3.10463465381647,0.501372238022796,2.054492163584,0.397735944359101,14.807104,3.71658387221531e-06,190.798798268092,364.613527057903,432.480238326664
4.6472,1.33531608989322,0.695364185838717,3.48022467127736,0.547672548237294,1.895748092928,0.298471884739518,13.4905275733333,2.64003361701503e-06,150.963569454705,325.101316041479,492.406618512134
4.588,1.35547424433964,0.760299105662558,3.38479319629948,0.509847605909106,2.034911739904,0.367817073879746,15.1143441066667,8.68929981412419e-06,170.447402630506,375.91519677814,550.067801794454
4.3808,1.33727355811932,0.721557779902266,3.27591910675401,0.528604892647642,1.974251328,0.336296259556878,14.7977582933333,6.54384635751037e-06,189.448459770115,386.60223316913,618.926778325123
4.144,1.23613797152162,0.580752795863998,3.35237659182896,0.561336254325088,1.549680313344,0.258049619502032,12.9204394666667,5.22151425005894e-06,180.451199919671,386.882016266693,741.902684339124
3.7296,1.76516763790441,0.848326982233213,2.11288713882595,0.446283170450411,2.1097582336,0.456722804437047,16.9425979733333,9.85486673225188e-06,295.381057160418,170.140958819914,908.000688383528
