length,width,depth,ratio,circularity,volume,crease_depth,surface_area,crease_volume,x,y,z
5.0912,1.28838710050581,0.879163828098587,3.95160739967145,0.939128818971519,3.604086657024,0.120869651933491,17.7472443733333,0,390.841149362971,329.727568446734,507.312550826782
4.816,1.43522542905536,0.87159507782314,3.3555704229473,0.851957961755635,3.691689377792,0.199565956330946,16.0053384533333,0,146.196718419195,174.454128440367,585.130645730416
4.4032,1.46919516556299,0.870677890127983,2.99701503463136,0.873472051698959,3.465355210752,0.155683760048646,15.67715328,0,364.713278827178,328.766657269054,593.632271403064
5.6416,1.17496811759954,0.793362141156102,4.80149198560876,0.969583867891152,3.681919557632,0.10722667747069,18.9211374933333,0,387.612683530869,329.944808066513,560.938882009552
