length,width,depth,ratio,circularity,volume,crease_depth,surface_area,crease_volume,x,y,z
2.8896,1.69653423076617,1.01207559882031,1.70323707450042,0.515997040237749,2.209933320192,0.350065277209635,10.4577467733333,0,172.140456890199,331.431245394252,1263.46175386883
2.3392,2.30158152030723,1.16502298856032,1.01634462188754,0.549827328071585,3.119503577088,0.447969658133544,16.2577885866667,0,174.657303957398,328.752949775504,1292.34739480004
5.848,1.77969814989608,1.23315385827388,3.28595048567167,0.664017021728204,6.89423642624,0.487085414236843,29.4293742933333,0,183.719130845536,330.376334435522,1330.48781294284
4.1968,1.52551491856827,1.0901164268668,2.75107109666209,0.909405511578004,3.912161652736,0.151374241412595,17.02145024,0,366.767918088737,180.343960709232,1324.39057687505
1.3072,30.9190286134805,21.9728980215718,0.0422781716832485,0.766911598588088,626.081664937984,0.64810749755385,1025.21892522667,7.70774037953725e-06,260.636873815668,252.396124935436,1420.64098981689
