length,width,depth,ratio,circularity,volume,crease_depth,surface_area,crease_volume,x,y,z
4.6096,1.57282354817887,0.942275393951679,2.93078012809341,0.835388759857779,3.804042309632,0.210187471875308,17.2802116266667,0,121.609536854721,233.350312473247,395.880917729646
4.7472,1.66397302269324,0.864407974782891,2.85293086802356,0.792730610418233,3.871128408064,0.22222341906766,16.9457152,0,358.739210902667,218.181458736435,410.470682257929
7.224,1.647775003009,0.94615502576697,4.38409369410766,0.631585825766596,7.185377067008,0.422362631631635,37.2931959466667,0,196.101976069616,335.585297316896,406.381617113851
