length,width,depth,ratio,circularity,volume,crease_depth,surface_area,crease_volume,x,y,z
4.0256,1.57980308090379,0.735101805865089,2.54816568511627,0.517050159894512,2.136289059328,0.393959520618955,15.4729856,2.5934336e-05,342.900428538477,180.952144513372,570.761924416981
4.9136,1.5381082632219,0.838839939605553,3.19457356643245,0.52436417179623,2.616281750016,0.425600049659361,16.5337233066667,2.5934336e-05,194.997373142614,331.99340807486,679.090116077359
4.5584,1.56542238410176,0.826998694911729,2.91192974260145,0.520618713426257,2.464384344064,0.439476750386888,15.6984507733333,2.5934336e-05,222.977121569288,293.924671661896,773.777003704327
