length,width,depth,volume,crease_depth,surface_area,crease_volume
18,436.233886818725,436.029582563421,1736826,1.15470053837925,216594.666666667,0
