length,width,depth,ratio,circularity,volume,crease_depth,surface_area,crease_volume,x,y,z
3.6408,1.13849159190092,0.65775369051622,3.19791558049279,0.556385693631886,1.256726053888,0.310337138611196,9.62958250666667,6.507833028518e-06,148.553613438442,367.934004705105,187.724483057493
3.848,1.23771767213404,0.706186921841415,3.10894809586535,0.516516509675576,1.386371799552,0.357289652563058,10.8865800533333,8.66558796882164e-06,180.377424846138,390.611837551677,247.058757506033
4.0848,1.235552045441,0.72276077070537,3.30605255769863,0.507910273873205,1.52403125504,0.384883062912353,11.5431159466667,2.5934336e-05,152.143214498426,352.581468561218,298.602127116481
3.9664,1.28765090342461,0.755045484438152,3.08033799335754,0.476831528073053,1.565811470336,0.42743611677322,12.4531541333333,2.5934336e-05,189.087253213197,378.375397508944,358.817311514509
3.7,1.2869347658332,0.712739887567639,2.87504860248648,0.473450614588611,1.425558581248,0.393547284328561,11.5501252266667,8.74331337791287e-06,158.496215980207,336.425665841944,415.001946587105
