length,width,depth,ratio,circularity,volume,crease_depth,surface_area,crease_volume,x,y,z
6.6048,1.77127503886023,1.02600281074675,3.72883931354331,0.544748212601379,6.453291876352,0.488876536465421,31.0198101333333,0,355.405631812677,412.560607589826,557.588817117481
7.568,1.96970575561541,1.02931286301881,3.84219824632409,0.617721824691696,6.38132086784,0.390084506373792,30.14254592,0,276.847307986731,126.764378668028,607.512630773156
