length,width,depth,ratio,circularity,volume,crease_depth,surface_area,crease_volume,x,y,z
3.3744,1.11654619414268,0.791382882352666,3.02217679635814,0.510059966275892,1.244770324992,0.444577130707724,9.77677738666667,6.52022822004522e-06,267.9577455985,226.40625065111,140.96118345661
3.9664,1.23704276887806,0.834249061864908,3.20635640075512,0.475400944217499,1.647556497408,0.489793449977434,12.28025856,8.70303625408711e-06,251.170224153129,180.653884901146,189.011144692104
4.1144,1.29928585094643,0.845399796176685,3.16666266857518,0.4805185744342,1.870954867712,0.437681830175352,13.86786048,2.5934336e-05,267.24590391173,231.961478750243,241.681544731225
4.144,1.41011983181874,0.93455304827111,2.93875733571888,0.475504271123127,2.113959596032,0.496580843256076,15.5944797866667,1.42805375720863e-05,267.243424281087,233.810248797723,348.453785945628
4.2624,1.38360888383687,0.887423912115698,3.08063936983404,0.483461642347388,2.075369304064,0.467766999332596,15.43092992,5.2498271325276e-06,258.3004923646,163.681287645897,399.873959661093
4.4104,1.34688638372575,0.889819690747224,3.27451524738113,0.494787602728789,2.140438553088,0.418810547382793,15.5722837333333,2.5934336e-05,269.932160469146,227.663177153381,452.347945670217
4.4992,1.32696148629459,0.84331280626518,3.39060330421766,0.494502560466781,2.031877422592,0.433666670310061,14.2755669333333,2.5934336e-05,268.424955646036,221.471747482354,564.312481652137
4.3512,1.36190067380773,0.861216695768916,3.19494665336681,0.480579553755265,2.002597557248,0.443912482560888,14.2288384,1.29780388967444e-05,264.778950503769,163.564816493564,622.624452847782
