length,width,depth,volume,crease_depth,surface_area,crease_volume
12,436.065758285713,435.970001355062,1394087,1.15470053837925,216194.666666667,0
