length,width,depth,ratio,circularity,volume,crease_depth,surface_area,crease_volume,x,y,z
4.588,1.22838306069689,0.708697546326964,3.7349912635535,0.52126337777371,1.768773583872,0.386979599208285,12.5863304533333,1.29733413720543e-05,230.974179642826,264.172736869887,285.142737749626
4.7656,1.25820988459282,0.737515696293478,3.78760337075418,0.529287207869374,1.94287078144,0.391012286294119,13.9683268266667,1.29700997585349e-05,245.756070212908,220.570833611426,339.593445905359
4.9432,1.28992412501956,0.750019426252213,3.83216338397039,0.49573661713605,2.048241988608,0.418615803912176,14.4262664533333,1.29696234379852e-05,221.603813720277,278.221935222467,389.454962141356
4.8544,1.34073821465013,0.801867437673353,3.62069190462119,0.533827791429385,2.18133700096,0.432426970171399,15.7580296533333,1.29717605865061e-05,243.50955891095,219.30467245274,442.247758887172
5.0912,1.34567286790001,0.731017167626279,3.783386082492,0.552908517106264,2.214299542016,0.363757390020548,14.6505634133333,2.5934336e-05,213.668122884483,284.903889624155,488.239104718848
4.6472,1.36864193510315,0.761475465460213,3.39548269040123,0.558052066397876,2.145132667904,0.36991072295203,15.3164450133333,2.5934336e-05,237.33731895447,225.411308847354,548.480849674783
5.2096,1.30705789959956,0.720693607685824,3.98574539168927,0.542526765015143,2.14982678272,0.364037610312704,14.51972352,1.2970374520277e-05,205.443404306653,290.792822245009,591.107075215634
4.8248,1.16759659660667,0.637212307321955,4.13224911242639,0.539380220579716,1.639931802624,0.335668429284573,12.4064256,2.5934336e-05,192.15425245912,299.015766834298,705.842742828225
