length,width,depth,ratio,circularity,volume,crease_depth,surface_area,crease_volume,x,y,z
4.1736,1.39597210374059,0.980844872138831,2.98974455780069,0.517773004847925,2.385103078912,0.47466349884535,16.9472708266667,8.64739354224642e-06,289.689203736123,347.305522633118,121.519294964498
5.4168,1.26215213578161,0.746148084602057,4.29171717611168,0.567395063981259,2.324520470016,0.34863840440565,14.96130816,8.65153064167318e-06,276.738684160614,265.555901418036,150.396648480994
3.9072,1.37587745663705,0.977671688129716,2.83978778862332,0.529787761692161,2.36767520512,0.473871736171176,17.1108206933333,1.29692197670886e-05,275.773678733775,329.097398543184,220.740938715154
5.2984,1.32453090388606,0.733037269431959,4.00020866591707,0.527005312231019,2.2608257408,0.386514551089029,15.1750912,1.31786452824185e-05,266.023045597935,243.74454832234,253.040894751936
4.8248,1.47949069762599,0.621590343187643,3.26112222790041,0.484948847992925,1.924898286592,0.326735839093558,15.54658304,8.6821049994243e-06,244.347767508286,139.844682169707,613.009404219773
2.9896,2.58145929923782,0.6811265599717,1.15810464293692,0.390600561335355,1.999641042944,0.331188396162698,16.39470592,2.5934336e-05,261.298531853082,332.015161340527,847.129733865947
