length,width,depth,volume,crease_depth,surface_area,crease_volume
18,436.213425012674,435.758459345297,1915321,1.42638547044137,224193.333333333,0
