length,width,depth,ratio,circularity,volume,crease_depth,surface_area,crease_volume,x,y,z
1.2384,30.011483640872,29.9801820029564,0.0412642045564669,0.897429587681966,623.744723955712,0.0981353203663661,1061.20569173333,0,256.887495717067,258.670578759997,1453.05702985935
