length,width,depth,volume,crease_depth,surface_area,crease_volume
102,24.9806968167457,12.0518719273926,17961,4.40744032815406,6973.33333333333,0
