length,width,depth,ratio,circularity,volume,crease_depth,surface_area,crease_volume,x,y,z
1.2384,30.0503054787586,29.9575288785488,0.0412108955389947,0.896156524665209,669.15289409536,0.0794433970404926,1148.08009386667,0,261.404327349596,255.137637817832,1445.59663970761
