length,width,depth,volume,crease_depth,surface_area,crease_volume
18,436.777695912188,435.429198816117,2054755,1.15470053837925,242546.666666667,0
