length,width,depth,ratio,circularity,volume,crease_depth,surface_area,crease_volume,x,y,z
5.504,1.38305078766004,0.863054367560954,3.97960801519958,0.929496394522787,4.33454354432,0.0794433970404925,17.6147080533333,0,411.186626596544,286.186851990984,263.064688204358
11.2144,3.47336289942012,1.37415774850683,3.22868652793875,0.38897639723871,23.009880440832,0.738676155128537,92.4851063466667,0.000132299648,281.067531989582,406.332309477975,343.089400973842
11.7648,3.31445349604434,1.42049540479154,3.54954444647988,0.47747300177454,24.644697014272,0.703825480784578,95.6407330133333,0.000325660672,396.785527393821,288.365198086529,349.081375373312
