length,width,depth,ratio,circularity,volume,crease_depth,surface_area,crease_volume,x,y,z
4.1144,1.19359506636509,0.611910350677269,3.44706518646207,0.524701479319035,1.396200912896,0.313742889554879,10.8982621866667,2.5934336e-05,243.186027936697,257.964206107437,170.362006835575
4.3512,1.25598904078847,0.673206824795085,3.46436143843138,0.549396062772307,1.637260566016,0.326063770041339,12.4391355733333,2.5934336e-05,241.840918090954,214.337457033787,225.946904056644
4.6768,1.29057621315976,0.701238945679292,3.62380768552183,0.518488129472099,1.845513284096,0.3763094410655,13.4449672533333,2.5934336e-05,231.784685431627,273.163755427833,273.550245218589
4.5584,1.34071774989563,0.709800760022203,3.39996990444474,0.535103052695938,1.931511542272,0.352166383202619,14.1645866666667,2.5934336e-05,237.67132134753,213.927776360487,329.635833881601
4.8248,1.29808864503546,0.761237004842397,3.71684939888538,0.502912303430454,2.023837778432,0.413140045484963,14.7802350933333,2.5934336e-05,222.216794597435,285.5270320489,372.70606250881
4.7064,1.35456142247105,0.721530634255997,3.47448253133798,0.53835273864226,2.023682172416,0.350859160566177,14.7814033066667,2.5934336e-05,232.006561494791,217.243941510425,424.400443413515
4.7064,1.34946109479919,0.667447253622734,3.48761443967405,0.536134082982935,1.964111002624,0.333505893253122,14.01155072,1.29703673999507e-05,214.675561834843,282.70467689545,476.062640293659
4.6176,1.27539825029836,0.747320527439285,3.62051617909919,0.536825877081693,1.94468618496,0.39098148397044,14.544256,2.5934336e-05,221.969287190771,218.283403347336,535.169713942789
