length,width,depth,volume,crease_depth,surface_area,crease_volume
69,23.9844821140811,12.9661222961657,12189,4.11028419184981,4036,0
