length,width,depth,ratio,circularity,volume,crease_depth,surface_area,crease_volume,x,y,z
6.1232,1.98128131897943,1.16649835855235,3.09052527843654,0.456643414091435,6.505723244544,0.544098732974259,34.2006818133333,0,270.235120388447,131.318866696701,569.320318366121
5.16,0.968668670071663,0.734588862617551,5.32689882456739,1.04238700629685,3.956125843456,0.0794433970404925,19.91831552,0,354.264981890023,362.657721435627,598.114998353638
5.2288,1.01273655053717,0.776451795230833,5.16304067156119,1.0360176882735,3.427904233472,0.0794433970404925,17.6020855466667,0,250.52242067262,369.462758882766,597.950693520806
