length,width,depth,ratio,circularity,volume,crease_depth,surface_area,crease_volume,x,y,z
3.784,1.38421271372538,0.934776100520162,2.73368389300225,0.886380505664953,2.922153209856,0.152122523717634,13.84057856,0,256.670344366433,107.425721609272,1254.0260782347
3.44,1.41326319177776,1.03995436448205,2.43408306394281,0.861673297637104,2.789934977024,0.210187471875308,12.9948706133333,0,383.388350647835,237.236955760476,1300.52713902183
5.0912,1.58732885659087,1.0102047787689,3.20740089796794,0.579443650679727,5.058161557504,0.426982584849938,27.3908394666667,0,133.094128251352,193.672031934072,1327.28721349472
3.7152,1.38508766996831,1.00532975856446,2.68228508602998,0.903041059124347,2.905870176256,0.176936313593776,13.5060821333333,0,362.252157346184,249.406813851844,1326.69662669506
