length,width,depth,ratio,circularity,volume,crease_depth,surface_area,crease_volume,x,y,z
7.7744,1.80756611077974,1.02516767875557,4.30103217450029,0.637856157964677,7.707736784896,0.529910871546269,40.2594850133333,0,177.288110528984,154.312024674666,1303.46472029745
4.472,1.52376235939149,0.816479000934177,2.93484083816447,0.788628617244339,2.973933256704,0.234415686237575,15.1722530133333,0,284.98379325449,366.826872536137,1343.041173894
0.344,23.4674575371959,21.874394133839,0.0146585968869768,0.354319691562129,41.711595851776,1.5843512852816,556.5578752,6.36020461633016e-05,219.839169139466,244.268467905669,1426.59191785101
