length,width,depth,ratio,circularity,volume,crease_depth,surface_area,crease_volume,x,y,z
4.2624,1.13682030319589,0.636140334966633,3.7494052384685,0.626490343053665,1.472188517376,0.255921846367895,10.4812100266667,8.69999166909976e-06,259.979670929782,208.994503752246,127.461385336293
4.9728,1.23278225930483,0.713408961427304,4.03380237058586,0.592625997583517,2.022515127296,0.321294287680148,13.2872584533333,1.29989632627707e-05,256.30143871977,258.964121765445,174.502885133229
4.8544,1.30979216050305,0.822268717316164,3.70623687206646,0.551737654470069,2.267361193472,0.388389167391213,15.3503232,8.67181472191817e-06,259.275281091654,205.354375650543,232.302618184314
5.3576,1.36955548367352,0.814796364661536,3.91192621538009,0.542346367524622,2.58578297088,0.391941906192214,16.5080226133333,2.5934336e-05,264.053658291961,276.612286244421,282.69407752871
5.0616,1.42306708959802,0.855553507897291,3.55682457770124,0.56144680506379,2.625799651328,0.399245667957836,17.1855863466667,1.29753298681353e-05,263.922349083439,209.581344816688,339.076386694058
5.0616,1.42325935617453,0.848143430309559,3.5563440900924,0.547914951269067,2.614933164544,0.392463943267274,16.997504,2.5934336e-05,259.507324281705,288.325432167333,388.85366313263
4.884,1.36892166689569,0.868372467948993,3.5677717126616,0.563663485035805,2.533214071808,0.420426272474865,16.6201710933333,2.5934336e-05,268.487028808944,212.175628084113,443.548956776347
5.0024,1.33831318366911,0.840323699371026,3.73783958870183,0.50600262001252,2.326673019904,0.444704203228962,16.20896,1.29688188170592e-05,255.137459036494,285.818244644091,494.015605145239
3.7888,1.74970053459613,0.681806665971476,2.16539912121279,0.501267178514729,1.992068216832,0.350973596637742,14.7603754666667,2.5934336e-05,245.750013018799,378.862664687809,748.427316044368
