length,width,depth,volume,crease_depth,surface_area,crease_volume
12,436.047277326884,435.75828629191,1523996,1.15470053837925,217712,0
