length,width,depth,ratio,circularity,volume,crease_depth,surface_area,crease_volume,x,y,z
7.6368,1.42220569262042,0.90458197953167,5.36968740852748,0.84312195770743,8.68862672896,0.199006163861269,45.3400439466667,0,354.108695652174,281.949100449775,1344.29850074963
6.0544,2.45431479439671,1.30356989727038,2.46683922283417,0.510093614489212,6.5294964736,0.73807789976348,30.76736,0.0002198209536,168.376596169194,336.320830007981,1348.65622505986
