length,width,depth,ratio,circularity,volume,crease_depth,surface_area,crease_volume,x,y,z
5.0224,1.48200270841326,0.788783856427219,3.38892767974584,0.830303452580679,3.823907610624,0.156485344148688,20.1202756266667,0,281.779935275081,413.020865269971,1270.10509282916
8.7376,1.58488145969951,1.16171029388541,5.51309370585775,0.496886168745848,8.09755260928,0.487291351992776,40.4866901333333,0,186.434546551377,366.719083048462,1306.18330987332
4.4032,1.89678405859037,1.08895287106779,2.32140289246859,0.571751848052189,3.941471113216,0.567550723423076,19.35030272,0,286.235230934479,378.548211187309,1350.09857060233
