length,width,depth,ratio,circularity,volume,crease_depth,surface_area,crease_volume,x,y,z
5.0224,1.49868357169409,0.850842223930597,3.35120774982723,0.854839477686621,3.848657821696,0.184042823706801,18.76335616,0,300.068708749365,76.668387205957,390.192164494838
4.9536,1.53375945671319,0.900213315988034,3.22971113776566,0.773131572134114,3.567938322432,0.301089965817737,18.47934976,0,120.408817086528,208.066812705367,414.23868200073
