length,width,depth,volume,crease_depth,surface_area,crease_volume
73,21.7831914490421,12.3668927896889,11818,2.67504104225002,3964,0
72,22.2930153592034,13.0844958719191,10956,4.37630764269967,3904,0
