length,width,depth,ratio,circularity,volume,crease_depth,surface_area,crease_volume,x,y,z
4.6096,1.30161951369406,0.825448005224316,3.54143430664906,0.933988732769735,3.359515492352,0.116442247978683,15.4815044266667,0,199.436603334626,351.406165180302,378.916925164793
4.6784,1.22298104822974,0.845341982308991,3.82540678514352,0.971038457823946,3.419762716672,0.0981353203663661,16.58597376,0,220.700219026759,366.207694505285,404.867536425102
6.4672,2.50490630922033,1.28071474628347,2.58181313057292,0.411881242494088,8.340821131264,0.585119767308791,40.8969216,0,213.408050913634,361.935420896455,440.304974230829
5.7104,1.82303704289631,0.859777895735687,3.13235544074723,0.495438178768374,4.754320150528,0.481781199303658,24.5255304533333,0,241.408178642373,149.78368381396,465.620590451401
5.0912,1.73415761153921,1.31704303495647,2.93583464739466,0.730215796542253,6.383600492544,0.309591506056323,28.6530901333333,0,340.346852362004,197.274155698398,462.326038159371
7.0176,1.98891970173002,1.21079906736057,3.52834757174756,0.518280850435238,7.376865542144,0.497086785583063,34.4278869333333,0,216.562820060039,355.319839307787,493.141532756489
