length,width,depth,ratio,circularity,volume,crease_depth,surface_area,crease_volume,x,y,z
4.7656,1.27378842913099,0.708836283755275,3.74128064835007,0.533398705008532,1.943467271168,0.344949741315947,14.1914555733333,2.5934336e-05,269.955389788892,248.061370733139,241.114441271451
4.3216,1.25843238128853,0.699501829963389,3.43411379447742,0.515904088363974,1.65824144384,0.332500459603032,13.56646144,1.2974834831691e-05,274.699136636637,195.901026026026,297.432682682683
4.6176,1.31446400856173,0.70301213649653,3.51291474694124,0.500775990901562,1.848028914688,0.369460999269851,14.4099114666667,1.29722551588858e-05,262.658976086224,257.825965532727,348.747347591782
4.736,1.29064788531481,0.721884965372726,3.66947488458079,0.515738983152658,1.870228706304,0.354069652153473,15.0115413333333,1.30039160672586e-05,266.562533801118,198.988698292957,406.847738965235
4.4992,1.22086169625261,0.671198679570868,3.68526591817084,0.502600987973556,1.651731925504,0.33481732313299,13.2066517333333,1.29730038091809e-05,256.400854150638,262.22664824381,465.347893670807
4.3512,1.30875341796663,0.609877261077643,3.32469045755029,0.498528834107487,1.463552383488,0.325846648330135,12.9017480533333,8.76232455979644e-06,269.775527201843,189.850505050505,583.557416267943
