length,width,depth,volume,crease_depth,surface_area,crease_volume
57,33.3114618533853,16.1509761631462,12210,7.81399475100585,4462.66666666667,0
