length,width,depth,volume,crease_depth,surface_area,crease_volume
118,27.3250844366351,13.8821985774398,19878,7.94035483868723,6993.33333333333,0
