length,width,depth,ratio,circularity,volume,crease_depth,surface_area,crease_volume,x,y,z
8.1184,1.8799658092405,0.955095262127856,4.31837640881342,0.538211234050162,6.473482838016,0.546296412901681,33.1025237333333,0,392.163245799376,299.114599054231,1321.78705101117
