length,width,depth,ratio,circularity,volume,crease_depth,surface_area,crease_volume,x,y,z
4.0552,1.40126181969726,0.736300527023341,2.89396310025497,0.568917338477447,1.812135793664,0.359943998626179,12.9928686933333,1.32090283144151e-05,351.911340412743,359.917823510891,211.235996221771
4.7656,1.44642854421785,0.731319024952556,3.29473586445086,0.545103966536139,2.141605598208,0.356893108108395,13.9987003733333,1.30727530829517e-05,344.770832071884,312.743039829492,259.662496821149
4.3808,1.44469752446433,0.819318235437741,3.03233024616993,0.551765703342366,2.17900291072,0.385849654964208,16.1891003733333,1.30425798990071e-05,345.533172252904,347.974088268901,327.38052275757
4.9136,1.47157508556004,0.752330009856951,3.33900733181414,0.524155266346418,2.264638088192,0.396170951259056,14.73350656,1.29742967344695e-05,337.256052312132,286.869494514555,372.735793957995
4.6472,1.40572648649613,0.739420556920211,3.3059062660073,0.561072778967038,2.207323205632,0.374225129203483,14.39355648,2.5934336e-05,247.287933262836,167.754047702973,459.694700975209
5.0616,1.46793393763058,0.757296925241677,3.44811157385599,0.516458610909407,2.38310613504,0.39626536281496,15.9998498133333,5.42404830246634e-06,327.383434180742,254.977396395612,484.126469179871
3.9368,1.48685236867721,0.967235024582973,2.64774101513684,0.500691703712909,2.305354995712,0.527811224492811,17.1645585066667,2.5934336e-05,315.890293839716,297.246793862215,559.282657606984
3.8184,1.6251682263086,0.725717479973589,2.34954138173936,0.478229325852626,1.754743108096,0.401381221638278,14.16925952,8.73208049293816e-06,231.826074104728,154.26881068858,759.629698053532
