length,width,depth,volume,crease_depth,surface_area,crease_volume
12,435.934674881567,435.46180149857,1464278,1.15470053837925,214794.666666667,0.5703125
