length,width,depth,ratio,circularity,volume,crease_depth,surface_area,crease_volume,x,y,z
4.7472,1.58585509153872,0.862709732746669,2.99346392071289,0.82604019164447,3.623300636672,0.182143538969817,17.57052928,0,389.093834262089,152.755976990832,258.919917310803
4.3344,1.634109299647,0.842935884365178,2.65245415403751,0.806424319259506,3.51876356096,0.200958818619731,17.1034965333333,0,369.194169366034,163.082554372975,283.439055992596
8.6,1.91530779384933,0.999343126178202,4.49013992822322,0.5926860553103,9.047179128832,0.494678876543531,45.17595136,0,120.453475396854,324.037651632411,317.468701630611
10.4576,1.69155153145945,1.17554241949441,6.18225327783972,0.525327419180289,15.035427565568,0.403472250487724,68.2057147733333,0,368.293168428349,143.124978339976,341.165201005025
7.6368,1.65145711251193,1.23418166434299,4.62427994172016,0.841868274035975,7.504524525568,0.179847639220906,38.2903739733333,0,260.925273390036,365.525776774865,306.002169762194
5.16,2.5596593217729,1.26150156595184,2.01589326990047,0.587102386131136,7.981291749376,0.579362029365678,33.11514624,0.000325660672,223.110902562429,64.5927860290517,353.4894728252
4.1968,1.58835886113472,0.959953320952915,2.64222406075276,0.839189814294802,3.713834303488,0.208451162187627,17.36225792,0,429.409943879341,263.218607506138,354.640477025605
5.9856,1.66828096071268,1.31136505414757,3.5878848593003,0.71906764063382,7.027105980416,0.332190774748755,33.9545429333333,0,411.898739456854,262.572666604875,395.047733802947
