length,width,depth,ratio,circularity,volume,crease_depth,surface_area,crease_volume,x,y,z
6.88,1.6903423640558,1.02471724279515,4.07018137053145,0.739343632003887,6.050123964416,0.283623637357851,30.0920558933333,0,373.539562923888,218.175368715685,435.591829045107
5.6416,1.78885476162715,1.02913590812132,3.15374960618289,0.642145600636678,4.79209678848,0.506138898979519,24.63282176,0,337.354875976894,343.486578321441,460.487529731566
