length,width,depth,volume,crease_depth,surface_area,crease_volume
100,24.5689297101133,14.8941459708597,18578,4.12243658950365,6357.33333333333,0
82,26.000795953883,14.9583707575773,14715,7.35667004330697,5204,0
