length,width,depth,volume,crease_depth,surface_area,crease_volume
82,18.5335994569728,16.7400593960035,11761,1.7568263362426,4234.66666666667,0
