length,width,depth,volume,crease_depth,surface_area,crease_volume
13,436.265251127739,435.902311397939,1602920,1.15470053837925,215180,0.375
