length,width,depth,ratio,circularity,volume,crease_depth,surface_area,crease_volume,x,y,z
7.912,1.88090923794008,1.12447292231962,4.20647622990304,0.583656246441173,8.913983913984,0.474973703774479,43.09323776,0,140.087242437527,313.018559111501,462.545265234546
7.1552,1.81891323001305,1.08836805701606,3.93377753371373,0.529671070074361,7.696338661376,0.426176467646885,38.6311816533333,0.000325660672,191.647723425863,169.506262694651,481.030890318213
5.6416,1.91457901412567,1.19142615453843,2.94665300224047,0.621378796744959,4.88491008,0.517451896953066,24.8726493866667,0.000325660672,239.223933333333,353.365066666667,464.376066666667
4.3344,1.86749285223466,1.24406135935509,2.32097273883185,0.666328405052658,3.990320214016,0.371885490440467,19.6974216533333,0,337.675426426181,184.749367501836,503.441116461275
